<?xml version="1.0" encoding="UTF-8" standalone="yes"?>
<addon id="plugin.audio.my-hit.com" name="My-Hit.com" version="3.0.0" provider-name="mrstealth">
  <requires>
    <import addon="xbmc.python" version="2.1.0"/>
    <import addon="script.module.kodi.utils" version="3.0.0"/>
    <import addon="script.module.translit" version="3.0.0"/>
    <import addon="script.artistslideshow" version="1.7.0"/>
  </requires>
  <extension point="xbmc.python.pluginsource" provides="audio" library="default.py">
    <provides>audio</provides>
  </extension>
  <extension point="xbmc.addon.metadata">
    <summary>My-hit.com - лучшая музыка онлайн</summary>
    <description>Здесь ты найдешь свою любимую музыку, лучшие хиты и новые MP3 песни. Больше не нужно искать песни в мп3 по всем музыкальным сайтам и думать, что бы послушать - на my-hit.com собрана самая полная коллекция музыки в хорошем качестве. У нас можно совершенно бесплатно скачать MP3 песни самых популярных исполнителей и редкие записи менее известных музыкантов. Выбирай треки по направлению, у нас есть все от рока до классики, либо воспользуйся удобным поиском. Скачай музыку на свой компьютер или телефон, слушай песни когда тебе удобно в неограниченном количестве.</description>
    <disclaimer>For personal use only</disclaimer>
    <platform>all</platform>
  </extension>
</addon>
