<?xml version="1.0" encoding="UTF-8"?>
    <addon id="repository.mrstealth.isengard" name="MrStealth's Kodi Isengard" version="1.0.0" provider-name="mrstealth">
        <requires>
            <import addon="xbmc.addon" version="12.0.0"/>
        </requires>
        <extension point="xbmc.addon.repository" name="MrStealth's Kodi Isengard Add-on Repository">
            <info compressed="false">https://raw.githubusercontent.com/mrstealth/kodi/master/addons.xml</info>
            <checksum>https://raw.githubusercontent.com/mrstealth/kodi/master/addons.xml.md5</checksum>
            <datadir zip="true">https://raw.githubusercontent.com/mrstealth/kodi/master/zip/</datadir>
            <hashes>false</hashes>
        </extension>
        <extension point="xbmc.addon.metadata">
            <summary>MrStealth's Kodi Isengard Add-on Repository"</summary>
            <description>MrStealth's Kodi Isengard Add-on Repository"</description>
            <platform>all</platform>
    </extension>
</addon>

