<?xml version="1.0" encoding="UTF-8"?>
<window type="dialog">
	<animation effect="fade" time="300" delay="200">WindowOpen</animation>
  <animation effect="fade" time="50">WindowClose</animation>
  <controls>
    <control type="image" description="Default BG">
      <posx>0</posx>
      <posy>0</posy>
      <width>100%</width>
      <height>100%</height>
      <texture>img/BlackDotT.png</texture>
      <aspectratio>stretch</aspectratio>
    </control>
		<control type="group">
      <control type="image">
        <left>0</left>
        <bottom>0</bottom>
        <width>1920</width>
        <height>96</height>
        <texture flipy="true">HUD/Notification.png</texture>
      </control>
      <control type="multiimage">
        <left>30</left>
        <bottom>-15</bottom>
        <width>96</width>
        <height>96</height>
        <imagepath>HUD/loading</imagepath>
        <timeperimage>80</timeperimage>
        <loop>yes</loop>
      </control>
			<control type="label" description="Loading">
        <top>1023</top>
        <left>150</left>
        <width>890</width>
        <height>50</height>
        <textcolor>HL</textcolor>
				<label>[B]$LOCALIZE[20186][/B]</label>
      </control>
    </control>
  </controls>
</window>
<!--<window type="dialog">

  <controls>
    <control type="group">
      <control type="image">
        <centerleft>960</centerleft>
        <centertop>540</centertop>
        <width>390</width>
        <height>390</height>
        <texture border="45">HUD/HUDBackground.png</texture>
      </control>
      <control type="multiimage">
        <centerleft>960</centerleft>
        <centertop>540</centertop>
        <width>210</width>
        <height>201</height>
        <imagepath>HUD/loading</imagepath>
        <timeperimage>50</timeperimage>
        <loop>yes</loop>
      </control>
    </control>
  </controls>
</window>-->
