<?xml version="1.0" encoding="UTF-8"?>
<window type="dialog">
  <defaultcontrol always="true">450</defaultcontrol>
  <coordinates>
    <posx>0</posx>
    <posy>0</posy>
  </coordinates>
  <controls>
    <include>FullBackground</include>
    <control type="group" description="Content">
      <include>OpenClose</include>
    <control type="label" description="Header label">
      <include>HeadingR</include>
      <label>1036</label>
    </control>
    <control type="group" description="Slider and List">
      <animation effect="slide" start="0,0" end="0,-333" time="0" condition="StringCompare(Container(450).NumItems,1)">conditional</animation>
      <animation effect="slide" start="0,0" end="0,-222" time="0" condition="StringCompare(Container(450).NumItems,2)">conditional</animation>
      <animation effect="slide" start="0,0" end="0,-222" time="0" condition="StringCompare(Container(450).NumItems,3)">conditional</animation>
      <animation effect="slide" start="0,0" end="0,-111" time="0" condition="StringCompare(Container(450).NumItems,4)">conditional</animation>
      <animation effect="slide" start="0,0" end="0,-111" time="0" condition="StringCompare(Container(450).NumItems,5)">conditional</animation>
      <posx>1020</posx>
      <posy>141</posy>
      <control type="fixedlist" id="450">
        <posx>0</posx>
        <posy>0</posy>
        <width>802</width>
        <height>888</height>
        <onup>450</onup>
        <ondown>450</ondown>
        <focusposition>3</focusposition>
        <movement>4</movement>
        <itemlayout width="870" height="111">
          <control type="image">
            <posx>0</posx>
            <posy>0</posy>
            <height>111</height>
            <width>111</width>
            <bordersize>6</bordersize>
            <texture fallback="DefaultFolder.png" background="true">$INFO[ListItem.Thumb]</texture>
            <aspectratio>scale</aspectratio>
          </control>
          <control type="label" description="Main Label">
            <scroll>false</scroll>
            <textcolor>White</textcolor>
            <posx>135</posx>
            <posy>0</posy>
            <width>705</width>
            <height>111</height>
            <label>$INFO[ListItem.Label]</label>
          </control>
        </itemlayout>
        <focusedlayout width="870" height="111">
          <control type="image">
            <posx>0</posx>
            <posy>0</posy>
            <height>111</height>
            <width>111</width>
            <bordersize>6</bordersize>
            <texture fallback="DefaultFolder.png" background="true">$INFO[ListItem.Thumb]</texture>
            <aspectratio>scale</aspectratio>
          </control>
          <control type="label" description="Main Label">
            <posx>135</posx>
            <posy>0</posy>
            <width>705</width>
            <height>111</height>
            <textcolor>White2</textcolor>
            <label>$INFO[ListItem.Label]</label>
          </control>
        </focusedlayout>
      </control>
      <control type="group" description="Slider">
        <animation condition="Control.HasFocus(60)" effect="slide" start="0,0" end="960,540" time="300" reversible="true">Conditional</animation>
        <animation condition="Control.HasFocus(60)" effect="zoom" start="100" end="0" time="300" reversible="true">Conditional</animation>
        <include>Slider5</include>
		<animation type="Conditional" condition="ControlGroup(9000).HasFocus()">
          <effect type="fade" start="100" end="40" time="0" reversible="true" />
        </animation>
        <animation condition="Container(450).Position(0)" effect="slide" start="0,0" end="0,-333" time="180" easing="inout" reversible="true">Conditional</animation>
        <animation condition="Container(450).Position(1)" effect="slide" start="0,0" end="0,-222" time="180" easing="inout" reversible="true">Conditional</animation>
        <animation condition="Container(450).Position(2)" effect="slide" start="0,0" end="0,-111" time="180" easing="inout" reversible="true">Conditional</animation>
        <animation condition="Container(450).Position(3)" effect="slide" start="0,0" end="0,0" time="180" easing="inout" reversible="true">Conditional</animation>
        <animation condition="Container(450).Position(4)" effect="slide" start="0,0" end="0,111" time="180" easing="inout" reversible="true">Conditional</animation>
        <animation condition="Container(450).Position(5)" effect="slide" start="0,0" end="0,222" time="180" easing="inout" reversible="true">Conditional</animation>
        <animation condition="Container(450).Position(6)" effect="slide" start="0,0" end="0,333" time="180" easing="inout" reversible="true">Conditional</animation>
        <animation condition="Container(450).Position(7)" effect="slide" start="0,0" end="0,444" time="180" easing="inout" reversible="true">Conditional</animation>
        <animation condition="Container(450).Position(8)" effect="slide" start="0,0" end="0,555" time="180" easing="inout" reversible="true">Conditional</animation>
      </control>
    </control>
    <control type="group" description="Thumbs">
      <posx>-6</posx>
      <posy>267</posy>
      <control type="group" description="Squares">
        <control type="image" description="Thumb">
          <posx>248</posx>
          <posy>90</posy>
          <width>495</width>
          <height>495</height>
          <include>Icon_Fade</include>
          <texture background="true">$INFO[ListItem.Thumb]</texture>
          <aspectratio>scale</aspectratio>
        </control>
      </control>
    </control>
   </control>
  </controls>
</window>
