<?xml version="1.0" encoding="UTF-8"?>
<window type="dialog">
  <include>OpenClose</include>
  <controls>
    <control type="group">
      <posx>150</posx>
      <posy>0</posy>
      <control type="image">
        <posx>-30</posx>
        <posy>-45</posy>
        <width>1050</width>
        <height>606</height>
        <texture border="21">img/DialogNew.png</texture><colordiffuse>Overlay</colordiffuse>
      </control>
      <control type="label" id="401">
        <description>Song Number Label</description>
        <posy>3</posy>
        <width>510</width>
        <height>38</height>
      </control>
      <control type="label" id="402">
        <description>Song Name Label</description>
        <posy>42</posy>
        <width>510</width>
        <height>30</height>
        <textcolor>Silver</textcolor>
      </control>
    </control>
  </controls>
</window>
