<?xml version="1.0" encoding="UTF-8"?>
<includes>
  <include name="ListVisibleFade">
    <animation effect="fade" end="100" delay="250" time="150">Visible</animation>
    <animation effect="fade" end="0" time="100">Hidden</animation>
  </include>
  <include name="LabelVisibleFade">
    <animation effect="fade" end="100" delay="100" time="300">Visible</animation>
    <animation effect="fade" end="0" time="100">Hidden</animation>
  </include>
  <include name="PlayingInfo">
    <control type="label" description="Playing label">
      <posx>94</posx>
      <posy>-15</posy>
      <height>45</height>
      <width>750</width>
      <label>$LOCALIZE[31023]:</label>
      <align>left</align>
      <aligny>center</aligny>
      <font>size18</font>
      <textcolor>White</textcolor>
      <shadowcolor>33FF000000</shadowcolor>
    </control>
    <control type="label" description="Title label">
      <posx>495</posx>
      <posy>192</posy>
      <height>45</height>
      <width>750</width>
      <label>$INFO[MusicPlayer.Title]$INFO[VideoPlayer.Title]</label>
      <align>left</align>
      <aligny>center</aligny>
      <font>size24</font>
      <textcolor>White2</textcolor>
      <shadowcolor>ShadowDark</shadowcolor>
    </control>
    <control type="label" description="Artist label">
      <posx>495</posx>
      <posy>243</posy>
      <height>45</height>
      <width>750</width>
      <label>$INFO[MusicPlayer.Artist]$INFO[VideoPlayer.Artist]$INFO[VideoPlayer.TVShowTitle]</label>
      <align>left</align>
      <aligny>center</aligny>
      <font>size18</font>
      <textcolor>White</textcolor>
      <shadowcolor>ShadowDark</shadowcolor>
    </control>
    <control type="label" description="Album Label">
      <posx>495</posx>
      <posy>279</posy>
      <height>45</height>
      <width>750</width>
      <label>$INFO[MusicPlayer.Album]$INFO[VideoPlayer.Album]$INFO[VideoPlayer.Season,$LOCALIZE[20373] , - ]$INFO[VideoPlayer.episode,$LOCALIZE[20359] ]</label>
      <align>left</align>
      <aligny>center</aligny>
      <font>size18</font>
      <textcolor>White</textcolor>
      <shadowcolor>ShadowDark</shadowcolor>
    </control>
    <control type="label" description="Time Label">
      <posx>495</posx>
      <posy>315</posy>
      <height>45</height>
      <width>488</width>
      <label>$INFO[Player.Time]$INFO[Player.Duration, / ]</label>
      <align>left</align>
      <aligny>center</aligny>
      <font>size17</font>
      <textcolor>White</textcolor>
      <shadowcolor>ShadowDark</shadowcolor>
    </control>
    <control type="image" description="Cover">
      <visible>!Videoplayer.content(Movies)</visible>
      <posx>94</posx>
      <posy>54</posy>
      <width>303</width>
      <height>303</height>
      <texture>$INFO[MusicPlayer.Cover]$INFO[VideoPlayer.Cover]</texture>
      <aspectratio>scale</aspectratio>
    </control>
    <control type="image" description="Cover">
      <visible>VideoPlayer.content(Movies)</visible>
      <posx>94</posx>
      <posy>54</posy>
      <width>303</width>
      <height>303</height>
      <texture>$INFO[VideoPlayer.Cover]</texture>
      <aspectratio>keep</aspectratio>
    </control>
  </include>
  <include name="MoviesShortcutsCommons">
    <include>ListVisibleFade</include>
    <posx>72</posx>
    <posy>84</posy>
    <width>1778</width>
    <height>402</height>
    <orientation>horizontal</orientation>
    <scrolltime>400</scrolltime>
    <itemlayout condition="!Skin.HasSetting(MoviesShelf_Custom) + Library.HasContent(Movies)" height="387" width="254">
      <control type="image">
        <posx>17</posx>
        <posy>18</posy>
        <width>220</width>
        <height>321</height>
        <texture fallback="DefaultFolder.png" background="true">$INFO[ListItem.Thumb]</texture>
        <aspectratio>scale</aspectratio>
        <bordertexture border="12">img/ThumbBorder.png</bordertexture>
        <bordersize>9</bordersize>
      </control>
      <control type="label">
        <animation effect="fade" start="0" end="100" time="200" delay="100">UnFocus</animation>
        <posx>17</posx>
        <posy>345</posy>
        <width>220</width>
        <height>30</height>
        <font>size17</font>
        <textcolor>White2</textcolor>
        <label>$INFO[ListItem.Property(SeasonEpisode)]</label>
        <align>center</align>
      </control>
    </itemlayout>
    <focusedlayout condition="!Skin.HasSetting(MoviesShelf_Custom) + Library.HasContent(Movies)" height="387" width="254">
      <control type="group">
        <control type="image">
          <posx>17</posx>
          <posy>18</posy>
          <width>220</width>
          <height>321</height>
          <texture fallback="DefaultFolder.png" background="true">$INFO[ListItem.Thumb]</texture>
          <aspectratio>scale</aspectratio>
          <bordertexture border="12">img/ThumbBorder.png</bordertexture>
          <bordersize>9</bordersize>
        </control>
        <control type="label">
          <visible>ControlGroup(700).HasFocus()</visible>
          <animation effect="fade" start="0" end="100" time="200" delay="100">Focus</animation>
          <posx>17</posx>
          <posy>345</posy>
          <width>220</width>
          <height>30</height>
          <font>size17</font>
          <textcolor>White2</textcolor>
          <label>$INFO[ListItem.Label]</label>
          <align>center</align>
        </control>
      </control>
    </focusedlayout>
    <itemlayout condition="Skin.HasSetting(MoviesShelf_Custom)" height="357" width="354">
      <control type="image">
        <posx>27</posx>
        <posy>27</posy>
        <width>303</width>
        <height>303</height>
        <texture fallback="DefaultFolder.png" background="true">$INFO[ListItem.Thumb]</texture>
        <aspectratio>scale</aspectratio>
      </control>
    </itemlayout>
    <focusedlayout condition="Skin.HasSetting(MoviesShelf_Custom)" height="357" width="354">
      <control type="group">
        <control type="image">
          <posx>27</posx>
          <posy>27</posy>
          <width>303</width>
          <height>303</height>
          <texture fallback="DefaultFolder.png" background="true">$INFO[ListItem.Thumb]</texture>
          <aspectratio>scale</aspectratio>
        </control>
        <control type="label">
          <visible>ControlGroup(700).HasFocus()</visible>
          <animation effect="fade" start="0" end="100" time="200" delay="100">Focus</animation>
          <posx>5</posx>
          <posy>345</posy>
          <width>344</width>
          <height>30</height>
          <font>size17</font>
          <textcolor>White2</textcolor>
          <label>$INFO[ListItem.Label]</label>
          <align>center</align>
        </control>
      </control>
    </focusedlayout>
  </include>
  <include name="TVShortcutsCommons">
    <include>ListVisibleFade</include>
    <posx>72</posx>
    <posy>84</posy>
    <width>1778</width>
    <height>402</height>
    <orientation>horizontal</orientation>
    <scrolltime>400</scrolltime>
    <itemlayout condition="!Skin.HasSetting(TVShelf_Custom) + Library.HasContent(TVShows)" height="387" width="254">
      <control type="image">
        <posx>17</posx>
        <posy>18</posy>
        <width>220</width>
        <height>321</height>
        <texture fallback="DefaultFolder.png" background="true">$INFO[ListItem.Art(tvshow.poster)]</texture>
        <aspectratio>scale</aspectratio>
        <bordertexture border="12">img/ThumbBorder.png</bordertexture>
        <bordersize>9</bordersize>
      </control>
      <control type="image">
        <posx>17</posx>
        <posy>276</posy>
        <width>220</width>
        <height>54</height>
        <texture>img/BlackDotST.png</texture>
        <aspectratio>scale</aspectratio>
        <bordersize>9</bordersize>
      </control>
      <control type="label">
        <posx>17</posx>
        <posy>281</posy>
        <width>220</width>
        <height>42</height>
        <font>size17</font>
        <textcolor>White</textcolor>
        <label>[B]$INFO[ListItem.Season,,.]$INFO[ListItem.Episode][/B]</label>
        <align>center</align>
      </control>
    </itemlayout>
    <focusedlayout condition="!Skin.HasSetting(TVShelf_Custom) + Library.HasContent(TVShows)" height="387" width="254">
      <control type="group">
        <control type="image">
          <posx>17</posx>
          <posy>18</posy>
          <width>220</width>
          <height>321</height>
          <texture fallback="DefaultFolder.png" background="true">$INFO[ListItem.Art(tvshow.poster)]</texture>
          <aspectratio>scale</aspectratio>
          <bordertexture border="12">img/ThumbBorder.png</bordertexture>
          <bordersize>9</bordersize>
        </control>
        <control type="image">
          <posx>17</posx>
          <posy>276</posy>
          <width>220</width>
          <height>54</height>
          <texture>img/BlackDotST.png</texture>
          <aspectratio>scale</aspectratio>
          <bordersize>9</bordersize>
        </control>
        <control type="label">
          <posx>17</posx>
          <posy>281</posy>
          <width>220</width>
          <height>42</height>
          <font>size17</font>
          <textcolor>White</textcolor>
          <label>[B]$INFO[ListItem.Season,,.]$INFO[ListItem.Episode][/B]</label>
          <align>center</align>
        </control>
        <control type="label">
          <visible>ControlGroup(700).HasFocus()</visible>
          <posx>17</posx>
          <posy>339</posy>
          <width>220</width>
          <height>42</height>
          <font>size17</font>
          <textcolor>White2</textcolor>
          <label>$INFO[ListItem.Title]</label>
          <align>center</align>
        </control>
      </control>
    </focusedlayout>
    <itemlayout condition="Skin.HasSetting(TVShelf_Custom)" height="357" width="354">
      <control type="image">
        <posx>27</posx>
        <posy>27</posy>
        <width>303</width>
        <height>303</height>
        <texture fallback="DefaultFolder.png" background="true">$INFO[ListItem.Thumb]</texture>
        <aspectratio>scale</aspectratio>
      </control>
    </itemlayout>
    <focusedlayout condition="Skin.HasSetting(TVShelf_Custom)" height="357" width="354">
      <control type="group">
        <control type="image">
          <posx>27</posx>
          <posy>27</posy>
          <width>303</width>
          <height>303</height>
          <texture fallback="DefaultFolder.png" background="true">$INFO[ListItem.Thumb]</texture>
          <aspectratio>scale</aspectratio>
        </control>
        <control type="label">
          <visible>ControlGroup(700).HasFocus()</visible>
          <animation effect="fade" start="0" end="100" time="200" delay="100">Focus</animation>
          <posx>5</posx>
          <posy>345</posy>
          <width>344</width>
          <height>30</height>
          <font>size17</font>
          <textcolor>White2</textcolor>
          <label>$INFO[ListItem.Label]</label>
          <align>center</align>
        </control>
      </control>
    </focusedlayout>
  </include>
  <include name="MusicShortcutsCommons">
    <include>ListVisibleFade</include>
    <posx>72</posx>
    <posy>84</posy>
    <width>1776</width>
    <height>402</height>
    <orientation>horizontal</orientation>
    <scrolltime>400</scrolltime>
    <itemlayout height="357" width="354">
      <control type="image">
        <posx>18</posx>
        <posy>18</posy>
        <width>321</width>
        <height>321</height>
        <texture fallback="DefaultFolder.png" background="true">$INFO[ListItem.Thumb]</texture>
        <aspectratio>scale</aspectratio>
        <bordertexture border="12">img/ThumbBorder.png</bordertexture>
        <bordersize>9</bordersize>
      </control>
      <control type="label">
        <posx>5</posx>
        <posy>345</posy>
        <width>344</width>
        <height>30</height>
        <font>size17</font>
        <textcolor>White2</textcolor>
        <label>$INFO[ListItem.TVShowTitle]</label>
        <align>center</align>
      </control>
    </itemlayout>
    <focusedlayout height="357" width="354">
      <control type="group">
        <control type="image">
          <posx>18</posx>
          <posy>18</posy>
          <width>321</width>
          <height>321</height>
          <texture fallback="DefaultFolder.png" background="true">$INFO[ListItem.Thumb]</texture>
          <aspectratio>scale</aspectratio>
          <bordertexture border="12">img/ThumbBorder.png</bordertexture>
          <bordersize>9</bordersize>
        </control>
        <control type="label">
          <visible>ControlGroup(700).HasFocus()</visible>
          <animation effect="fade" start="0" end="100" time="200" delay="100">Focus</animation>
          <posx>5</posx>
          <posy>345</posy>
          <width>344</width>
          <height>30</height>
          <font>size17</font>
          <textcolor>White2</textcolor>
          <label>$INFO[ListItem.Label]</label>
          <align>center</align>
        </control>
      </control>
    </focusedlayout>
  </include>
  <!--RA-->
  <include name="Movies_RA">
    <control type="group">
      <control type="panel" id="311" description="TOP Shortcuts">
        <visible>[Library.HasContent(Movies) | Skin.HasSetting(MoviesShelf_Custom)] + [ControlGroup(9000).HasFocus(301) | Control.HasFocus(311)]</visible>
        <onup>noop</onup>
        <ondown>301</ondown>
        <onleft>311</onleft>
        <onright>311</onright>
        <include>MoviesShortcutsCommons</include>
        <include condition="Skin.HasSetting(MoviesShelf_Custom)">Movies_Custom_Items</include>
        <include condition="!Skin.HasSetting(MoviesShelf_Custom)">Movies_RA_Items</include>
      </control>
      <control type="image">
        <visible>Control.HasFocus(311) + Skin.HasSetting(MoviesShelf_Custom)</visible>
        <posx>74</posx>
        <posy>86</posy>
        <width>350</width>
        <height>350</height>
        <texture border="36">focus/FrameFO.png</texture>
        <bordersize>-9</bordersize>
        <aspectratio>stretch</aspectratio>
        <animation condition="Container(311).Position(0)" effect="slide" start="0,0" end="0,0" time="150" easing="inout" reversible="true">Conditional</animation>
        <animation condition="Container(311).Position(1)" effect="slide" start="0,0" end="354,0" time="150" easing="inout" reversible="true">Conditional</animation>
        <animation condition="Container(311).Position(2)" effect="slide" start="0,0" end="708,0" time="150" easing="inout" reversible="true">Conditional</animation>
        <animation condition="Container(311).Position(3)" effect="slide" start="0,0" end="1062,0" time="150" easing="inout" reversible="true">Conditional</animation>
        <animation condition="Container(311).Position(4)" effect="slide" start="0,0" end="1416,0" time="150" easing="inout" reversible="true">Conditional</animation>
      </control>
      <control type="image">
        <visible>Control.HasFocus(311) + !Skin.HasSetting(MoviesShelf_Custom)</visible>
        <posx>73</posx>
        <posy>86</posy>
        <width>252</width>
        <height>352</height>
        <texture border="36">focus/FrameFO.png</texture>
        <bordersize>-9</bordersize>
        <aspectratio>stretch</aspectratio>
        <animation condition="Container(311).Position(0)" effect="slide" start="0,0" end="0,0" time="150" easing="inout" reversible="true">Conditional</animation>
        <animation condition="Container(311).Position(1)" effect="slide" start="0,0" end="254,0" time="150" easing="inout" reversible="true">Conditional</animation>
        <animation condition="Container(311).Position(2)" effect="slide" start="0,0" end="508,0" time="150" easing="inout" reversible="true">Conditional</animation>
        <animation condition="Container(311).Position(3)" effect="slide" start="0,0" end="762,0" time="150" easing="inout" reversible="true">Conditional</animation>
        <animation condition="Container(311).Position(4)" effect="slide" start="0,0" end="1016,0" time="150" easing="inout" reversible="true">Conditional</animation>
        <animation condition="Container(311).Position(5)" effect="slide" start="0,0" end="1270,0" time="150" easing="inout" reversible="true">Conditional</animation>
        <animation condition="Container(311).Position(6)" effect="slide" start="0,0" end="1524,0" time="150" easing="inout" reversible="true">Conditional</animation>
      </control>
    </control>
  </include>
  <include name="TV_RA">
    <control type="group">
      <control type="panel" id="312" description="TOP Shortcuts">
        <visible>[Library.HasContent(TVShows) | Skin.HasSetting(TVShelf_Custom)] + [ControlGroup(9000).HasFocus(302) | Control.HasFocus(312)]</visible>
        <onup>noop</onup>
        <ondown>302</ondown>
        <onleft>312</onleft>
        <onright>312</onright>
        <include>TVShortcutsCommons</include>
        <include condition="Skin.HasSetting(TVShelf_Custom)">TV_Custom_Items</include>
        <include condition="!Skin.HasSetting(TVShelf_Custom) + System.HasAddon(service.quartz.tvshelf)">TV_NextUp_Items</include>
        <include condition="!Skin.HasSetting(TVShelf_Custom) + !System.HasAddon(service.quartz.tvshelf)">TV_Recent_Items</include>
      </control>
      <control type="image">
        <visible>Control.HasFocus(312) + Skin.HasSetting(TVShelf_Custom)</visible>
        <posx>75</posx>
        <posy>87</posy>
        <width>351</width>
        <height>351</height>
        <texture border="36">focus/FrameFO.png</texture>
        <bordersize>-9</bordersize>
        <aspectratio>stretch</aspectratio>
        <animation condition="Container(312).Position(0)" effect="slide" start="0,0" end="0,0" time="150" easing="inout" reversible="true">Conditional</animation>
        <animation condition="Container(312).Position(1)" effect="slide" start="0,0" end="354,0" time="150" easing="inout" reversible="true">Conditional</animation>
        <animation condition="Container(312).Position(2)" effect="slide" start="0,0" end="708,0" time="150" easing="inout" reversible="true">Conditional</animation>
        <animation condition="Container(312).Position(3)" effect="slide" start="0,0" end="1062,0" time="150" easing="inout" reversible="true">Conditional</animation>
        <animation condition="Container(312).Position(4)" effect="slide" start="0,0" end="1416,0" time="150" easing="inout" reversible="true">Conditional</animation>
      </control>
      <control type="image">
        <visible>Control.HasFocus(312) + !Skin.HasSetting(TVShelf_Custom)</visible>
        <posx>73</posx>
        <posy>86</posy>
        <width>252</width>
        <height>352</height>
        <texture border="36">focus/FrameFO.png</texture>
        <bordersize>-9</bordersize>
        <aspectratio>stretch</aspectratio>
        <animation condition="Container(312).Position(0)" effect="slide" start="0,0" end="0,0" time="150" easing="inout" reversible="true">Conditional</animation>
        <animation condition="Container(312).Position(1)" effect="slide" start="0,0" end="254,0" time="150" easing="inout" reversible="true">Conditional</animation>
        <animation condition="Container(312).Position(2)" effect="slide" start="0,0" end="508,0" time="150" easing="inout" reversible="true">Conditional</animation>
        <animation condition="Container(312).Position(3)" effect="slide" start="0,0" end="762,0" time="150" easing="inout" reversible="true">Conditional</animation>
        <animation condition="Container(312).Position(4)" effect="slide" start="0,0" end="1016,0" time="150" easing="inout" reversible="true">Conditional</animation>
        <animation condition="Container(312).Position(5)" effect="slide" start="0,0" end="1270,0" time="150" easing="inout" reversible="true">Conditional</animation>
        <animation condition="Container(312).Position(6)" effect="slide" start="0,0" end="1524,0" time="150" easing="inout" reversible="true">Conditional</animation>
      </control>
    </control>
  </include>
  <include name="Music_RA">
    <control type="group">
      <control type="panel" id="313" description="TOP Shortcuts">
        <visible>[Library.HasContent(musicvideos) | Library.HasContent(music) | Skin.HasSetting(MusicShelf_Custom)] + [ControlGroup(9000).HasFocus(303) | Control.HasFocus(313)]</visible>
        <onup>303</onup>
        <ondown>303</ondown>
        <onleft>313</onleft>
        <onright>313</onright>
        <include>MusicShortcutsCommons</include>
        <include condition="Skin.HasSetting(MusicShelf_Custom)">Music_Custom_Items</include>
        <include condition="!Skin.HasSetting(MusicShelf_Custom)">Music_RA_Items</include>
      </control>
      <control type="image">
        <visible>Control.HasFocus(313)</visible>
        <posx>75</posx>
        <posy>87</posy>
        <width>351</width>
        <height>351</height>
        <texture border="36">focus/FrameFO.png</texture>
        <bordersize>-9</bordersize>
        <aspectratio>stretch</aspectratio>
        <animation condition="Container(313).Position(0)" effect="slide" start="0,0" end="0,0" time="150" easing="inout" reversible="true">Conditional</animation>
        <animation condition="Container(313).Position(1)" effect="slide" start="0,0" end="354,0" time="150" easing="inout" reversible="true">Conditional</animation>
        <animation condition="Container(313).Position(2)" effect="slide" start="0,0" end="708,0" time="150" easing="inout" reversible="true">Conditional</animation>
        <animation condition="Container(313).Position(3)" effect="slide" start="0,0" end="1062,0" time="150" easing="inout" reversible="true">Conditional</animation>
        <animation condition="Container(313).Position(4)" effect="slide" start="0,0" end="1416,0" time="150" easing="inout" reversible="true">Conditional</animation>
      </control>
    </control>
  </include>
  <include name="Pictures_Shortcuts">
    <control type="group">
      <control type="panel" id="314" description="TOP Shortcuts">
        <visible>ControlGroup(9000).HasFocus(304) | Control.HasFocus(314)</visible>
        <onup>304</onup>
        <ondown>304</ondown>
        <onleft>314</onleft>
        <onright>314</onright>
        <include>MusicShortcutsCommons</include>
        <content>
          <item id="1" description="Addons">
            <visible>Skin.HasSetting(PicturesShelf_Custom)</visible>
            <visible>!IsEmpty(Skin.String(ShelfPictures.1.Label))</visible>
            <label>$INFO[system.addontitle(Skin.String(ShelfPictures.1.Label))]</label>
            <thumb>$INFO[system.addonicon(Skin.String(ShelfPictures.1.Label))]</thumb>
            <onclick>RunAddon($INFO[Skin.String(ShelfPictures.1.Label)])</onclick>
            <property name="ItemType">$LOCALIZE[111]</property>
          </item>
          <item id="2" description="Addons">
            <visible>Skin.HasSetting(PicturesShelf_Custom)</visible>
            <visible>!IsEmpty(Skin.String(ShelfPictures.2.Label))</visible>
            <label>$INFO[system.addontitle(Skin.String(ShelfPictures.2.Label))]</label>
            <thumb>$INFO[system.addonicon(Skin.String(ShelfPictures.2.Label))]</thumb>
            <onclick>RunAddon($INFO[Skin.String(ShelfPictures.2.Label)])</onclick>
            <property name="ItemType">$LOCALIZE[111]</property>
          </item>
          <item id="3" description="Addons">
            <visible>Skin.HasSetting(PicturesShelf_Custom)</visible>
            <visible>!IsEmpty(Skin.String(ShelfPictures.3.Label))</visible>
            <label>$INFO[system.addontitle(Skin.String(ShelfPictures.3.Label))]</label>
            <thumb>$INFO[system.addonicon(Skin.String(ShelfPictures.3.Label))]</thumb>
            <onclick>RunAddon($INFO[Skin.String(ShelfPictures.3.Label)])</onclick>
            <property name="ItemType">$LOCALIZE[111]</property>
          </item>
          <item id="4" description="Addons">
            <visible>Skin.HasSetting(PicturesShelf_Custom)</visible>
            <visible>!IsEmpty(Skin.String(ShelfPictures.4.Label))</visible>
            <label>$INFO[system.addontitle(Skin.String(ShelfPictures.4.Label))]</label>
            <thumb>$INFO[system.addonicon(Skin.String(ShelfPictures.4.Label))]</thumb>
            <onclick>RunAddon($INFO[Skin.String(ShelfPictures.4.Label)])</onclick>
            <property name="ItemType">$LOCALIZE[111]</property>
          </item>
          <item id="5" description="Addons">
            <visible>Skin.HasSetting(PicturesShelf_Custom)</visible>
            <visible>!IsEmpty(Skin.String(ShelfPictures.5.Label))</visible>
            <label>$INFO[system.addontitle(Skin.String(ShelfPictures.5.Label))]</label>
            <thumb>$INFO[system.addonicon(Skin.String(ShelfPictures.5.Label))]</thumb>
            <onclick>RunAddon($INFO[Skin.String(ShelfPictures.5.Label)])</onclick>
            <property name="ItemType">$LOCALIZE[111]</property>
          </item>
          <item id="6" description="Fav">
            <visible>Skin.HasSetting(PicturesShelf_Custom)</visible>
            <visible>!IsEmpty(Skin.String(ShelfPictures.6.Path))</visible>
            <label>$INFO[Skin.String(ShelfPictures.6.Label)]</label>
            <thumb>$INFO[Skin.String(ShelfPictures.6.Icon)]</thumb>
            <onclick>$INFO[Skin.String(ShelfPictures.6.Path)]</onclick>
            <property name="ItemType">$LOCALIZE[111]</property>
          </item>
          <item id="7" description="Fav">
            <visible>Skin.HasSetting(PicturesShelf_Custom)</visible>
            <visible>!IsEmpty(Skin.String(ShelfPictures.7.Path))</visible>
            <label>$INFO[Skin.String(ShelfPictures.7.Label)]</label>
            <thumb>$INFO[Skin.String(ShelfPictures.7.Icon)]</thumb>
            <onclick>$INFO[Skin.String(ShelfPictures.7.Path)]</onclick>
            <property name="ItemType">$LOCALIZE[111]</property>
          </item>
          <item id="8" description="Fav">
            <visible>Skin.HasSetting(PicturesShelf_Custom)</visible>
            <visible>!IsEmpty(Skin.String(ShelfPictures.8.Path))</visible>
            <label>$INFO[Skin.String(ShelfPictures.8.Label)]</label>
            <thumb>$INFO[Skin.String(ShelfPictures.8.Icon)]</thumb>
            <onclick>$INFO[Skin.String(ShelfPictures.8.Path)]</onclick>
            <property name="ItemType">$LOCALIZE[111]</property>
          </item>
          <item id="9" description="Fav">
            <visible>Skin.HasSetting(PicturesShelf_Custom)</visible>
            <visible>!IsEmpty(Skin.String(ShelfPictures.9.Path))</visible>
            <label>$INFO[Skin.String(ShelfPictures.9.Label)]</label>
            <thumb>$INFO[Skin.String(ShelfPictures.9.Icon)]</thumb>
            <onclick>$INFO[Skin.String(ShelfPictures.9.Path)]</onclick>
            <property name="ItemType">$LOCALIZE[111]</property>
          </item>
          <item id="10" description="Fav">
            <visible>Skin.HasSetting(PicturesShelf_Custom)</visible>
            <visible>!IsEmpty(Skin.String(ShelfPictures.10.Path))</visible>
            <label>$INFO[Skin.String(ShelfPictures.10.Label)]</label>
            <thumb>$INFO[Skin.String(ShelfPictures.10.Icon)]</thumb>
            <onclick>$INFO[Skin.String(ShelfPictures.10.Path)]</onclick>
            <property name="ItemType">$LOCALIZE[111]</property>
          </item>
        </content>
      </control>
      <control type="image">
        <visible>Control.HasFocus(314)</visible>
        <posx>74</posx>
        <posy>86</posy>
        <width>350</width>
        <height>350</height>
        <texture border="36">focus/FrameFO.png</texture>
        <bordersize>-9</bordersize>
        <aspectratio>stretch</aspectratio>
        <animation condition="Container(314).Position(0)" effect="slide" start="0,0" end="0,0" time="150" easing="inout" reversible="true">Conditional</animation>
        <animation condition="Container(314).Position(1)" effect="slide" start="0,0" end="354,0" time="150" easing="inout" reversible="true">Conditional</animation>
        <animation condition="Container(314).Position(2)" effect="slide" start="0,0" end="708,0" time="150" easing="inout" reversible="true">Conditional</animation>
        <animation condition="Container(314).Position(3)" effect="slide" start="0,0" end="1062,0" time="150" easing="inout" reversible="true">Conditional</animation>
        <animation condition="Container(314).Position(4)" effect="slide" start="0,0" end="1416,0" time="150" easing="inout" reversible="true">Conditional</animation>
      </control>
    </control>
  </include>
  <include name="Addons_Shortcuts">
    <control type="group">
      <control type="panel" id="315" description="TOP Shortcuts">
        <visible>ControlGroup(9000).HasFocus(305) | Control.HasFocus(315)</visible>
        <onup>305</onup>
        <ondown>305</ondown>
        <onleft>315</onleft>
        <onright>315</onright>
        <include>MusicShortcutsCommons</include>
        <content>
          <item id="1" description="Addons">
            <visible>Skin.HasSetting(AddonsShelf_Custom)</visible>
            <visible>!IsEmpty(Skin.String(ShelfAddons.1.Label))</visible>
            <label>$INFO[system.addontitle(Skin.String(ShelfAddons.1.Label))]</label>
            <thumb>$INFO[system.addonicon(Skin.String(ShelfAddons.1.Label))]</thumb>
            <onclick>RunAddon($INFO[Skin.String(ShelfAddons.1.Label)])</onclick>
            <property name="ItemType">$LOCALIZE[111]</property>
          </item>
          <item id="2" description="Addons">
            <visible>Skin.HasSetting(AddonsShelf_Custom)</visible>
            <visible>!IsEmpty(Skin.String(ShelfAddons.2.Label))</visible>
            <label>$INFO[system.addontitle(Skin.String(ShelfAddons.2.Label))]</label>
            <thumb>$INFO[system.addonicon(Skin.String(ShelfAddons.2.Label))]</thumb>
            <onclick>RunAddon($INFO[Skin.String(ShelfAddons.2.Label)])</onclick>
            <property name="ItemType">$LOCALIZE[111]</property>
          </item>
          <item id="3" description="Addons">
            <visible>Skin.HasSetting(AddonsShelf_Custom)</visible>
            <visible>!IsEmpty(Skin.String(ShelfAddons.3.Label))</visible>
            <label>$INFO[system.addontitle(Skin.String(ShelfAddons.3.Label))]</label>
            <thumb>$INFO[system.addonicon(Skin.String(ShelfAddons.3.Label))]</thumb>
            <onclick>RunAddon($INFO[Skin.String(ShelfAddons.3.Label)])</onclick>
            <property name="ItemType">$LOCALIZE[111]</property>
          </item>
          <item id="4" description="Addons">
            <visible>Skin.HasSetting(AddonsShelf_Custom)</visible>
            <visible>!IsEmpty(Skin.String(ShelfAddons.4.Label))</visible>
            <label>$INFO[system.addontitle(Skin.String(ShelfAddons.4.Label))]</label>
            <thumb>$INFO[system.addonicon(Skin.String(ShelfAddons.4.Label))]</thumb>
            <onclick>RunAddon($INFO[Skin.String(ShelfAddons.4.Label)])</onclick>
            <property name="ItemType">$LOCALIZE[111]</property>
          </item>
          <item id="5" description="Addons">
            <visible>Skin.HasSetting(AddonsShelf_Custom)</visible>
            <visible>!IsEmpty(Skin.String(ShelfAddons.5.Label))</visible>
            <label>$INFO[system.addontitle(Skin.String(ShelfAddons.5.Label))]</label>
            <thumb>$INFO[system.addonicon(Skin.String(ShelfAddons.5.Label))]</thumb>
            <onclick>RunAddon($INFO[Skin.String(ShelfAddons.5.Label)])</onclick>
            <property name="ItemType">$LOCALIZE[111]</property>
          </item>
          <item id="6" description="Fav">
            <visible>Skin.HasSetting(AddonsShelf_Custom)</visible>
            <visible>!IsEmpty(Skin.String(ShelfAddons.6.Path))</visible>
            <label>$INFO[Skin.String(ShelfAddons.6.Label)]</label>
            <thumb>$INFO[Skin.String(ShelfAddons.6.Icon)]</thumb>
            <onclick>$INFO[Skin.String(ShelfAddons.6.Path)]</onclick>
            <property name="ItemType">$LOCALIZE[111]</property>
          </item>
          <item id="7" description="Fav">
            <visible>Skin.HasSetting(AddonsShelf_Custom)</visible>
            <visible>!IsEmpty(Skin.String(ShelfAddons.7.Path))</visible>
            <label>$INFO[Skin.String(ShelfAddons.7.Label)]</label>
            <thumb>$INFO[Skin.String(ShelfAddons.7.Icon)]</thumb>
            <onclick>$INFO[Skin.String(ShelfAddons.7.Path)]</onclick>
            <property name="ItemType">$LOCALIZE[111]</property>
          </item>
          <item id="8" description="Fav">
            <visible>Skin.HasSetting(AddonsShelf_Custom)</visible>
            <visible>!IsEmpty(Skin.String(ShelfAddons.8.Path))</visible>
            <label>$INFO[Skin.String(ShelfAddons.8.Label)]</label>
            <thumb>$INFO[Skin.String(ShelfAddons.8.Icon)]</thumb>
            <onclick>$INFO[Skin.String(ShelfAddons.8.Path)]</onclick>
            <property name="ItemType">$LOCALIZE[111]</property>
          </item>
          <item id="9" description="Fav">
            <visible>Skin.HasSetting(AddonsShelf_Custom)</visible>
            <visible>!IsEmpty(Skin.String(ShelfAddons.9.Path))</visible>
            <label>$INFO[Skin.String(ShelfAddons.9.Label)]</label>
            <thumb>$INFO[Skin.String(ShelfAddons.9.Icon)]</thumb>
            <onclick>$INFO[Skin.String(ShelfAddons.9.Path)]</onclick>
            <property name="ItemType">$LOCALIZE[111]</property>
          </item>
          <item id="10" description="Fav">
            <visible>Skin.HasSetting(AddonsShelf_Custom)</visible>
            <visible>!IsEmpty(Skin.String(ShelfAddons.10.Path))</visible>
            <label>$INFO[Skin.String(ShelfAddons.10.Label)]</label>
            <thumb>$INFO[Skin.String(ShelfAddons.10.Icon)]</thumb>
            <onclick>$INFO[Skin.String(ShelfAddons.10.Path)]</onclick>
            <property name="ItemType">$LOCALIZE[111]</property>
          </item>
        </content>
      </control>
      <control type="image">
        <visible>Control.HasFocus(315)</visible>
        <posx>74</posx>
        <posy>86</posy>
        <width>350</width>
        <height>350</height>
        <texture border="36">focus/FrameFO.png</texture>
        <bordersize>-9</bordersize>
        <aspectratio>stretch</aspectratio>
        <animation condition="Container(315).Position(0)" effect="slide" start="0,0" end="0,0" time="150" easing="inout" reversible="true">Conditional</animation>
        <animation condition="Container(315).Position(1)" effect="slide" start="0,0" end="354,0" time="150" easing="inout" reversible="true">Conditional</animation>
        <animation condition="Container(315).Position(2)" effect="slide" start="0,0" end="708,0" time="150" easing="inout" reversible="true">Conditional</animation>
        <animation condition="Container(315).Position(3)" effect="slide" start="0,0" end="1062,0" time="150" easing="inout" reversible="true">Conditional</animation>
        <animation condition="Container(315).Position(4)" effect="slide" start="0,0" end="1416,0" time="150" easing="inout" reversible="true">Conditional</animation>
      </control>
    </control>
  </include>
</includes>
