<?xml version="1.0" encoding="UTF-8"?>
<window>
  <defaultcontrol always="true">3</defaultcontrol>
  <controls>
    <include>FullBackground</include>
    <control type="group" description="Content">
      <include>OpenClose</include>
      <control type="image" description="Sidebar">
        <left>0</left>
        <top>0</top>
        <width>471</width>
        <height>1080</height>
        <aspectratio>stretch</aspectratio>
        <texture>img/Sidebar.png</texture>
      </control>
      <control type="label" description="Heading">
        <include>Heading</include>
        <label>$LOCALIZE[10004] - $INFO[Control.GetLabel(2)]</label>
      </control>
      <control type="label" id="2" description="Category label">
        <posx>650</posx>
        <posy>117</posy>
        <width>620</width>
        <height>72</height>
        <align>center</align>
        <font>-</font>
      </control>
      <control type="grouplist" id="3" description="Left - Button Area">
        <posx>45</posx>
        <posy>165</posy>
        <width>420</width>
        <height>900</height>
        <itemgap>9</itemgap>
        <onleft>5</onleft>
        <onright>5</onright>
        <onup>20</onup>
        <ondown>20</ondown>
        <orientation>vertical</orientation>
      </control>
      <control type="label" description="Settings level label">
        <posx>45</posx>
        <posy>900</posy>
        <width>360</width>
        <height>60</height>
        <textoffsetx>10</textoffsetx>
        <textcolor>HL</textcolor>
        <label>$LOCALIZE[31299]</label>
      </control>
      <control type="button" id="20" description="Settings level">
        <posx>45</posx>
        <posy>960</posy>
        <onright>noop</onright>
        <onleft>noop</onleft>
        <onup>3</onup>
        <ondown>3</ondown>
        <texturenofocus border="4">img/SettingsButtonNF.png</texturenofocus>
        <texturefocus border="4">img/SettingsButtonFO.png</texturefocus>
        <textoffsetx>20</textoffsetx>
        <align>left</align>
        <aligny>center</aligny>
        <font>size23</font>
        <onclick>SettingsLevelChange</onclick>
      </control>
      <control type="grouplist" id="5" description="Right - Control Area">
        <posx>540</posx>
        <posy>165</posy>
        <width>1260</width>
        <height>680</height>
        <itemgap>0</itemgap>
        <onleft>3</onleft>
        <onright>60</onright>
        <onup>5</onup>
        <ondown>5</ondown>
        <pagecontrol>60</pagecontrol>
        <orientation>vertical</orientation>
      </control>
      <control type="button" id="7" description="Button">
        <width>1260</width>
        <font>size22</font>
        <align>left</align>
      </control>
      <control type="radiobutton" id="8" description="Radio Button">
        <width>1260</width>
        <radioposx>1197</radioposx>
        <font>size22</font>
        <align>left</align>
      </control>
      <control type="spincontrolex" id="9" description="Spin control">
        <width>1260</width>
        <align>left</align>
        <font>size22</font>
      </control>
      <control type="sliderex" id="13" description="Slider control">
        <width>1260</width>
        <align>left</align>
        <font>size22</font>
      </control>
      <control type="button" id="10" description="Category Button">
        <texturenofocus border="4">img/SettingsButtonNF.png</texturenofocus>
        <texturefocus border="4">img/SettingsButtonFO.png</texturefocus>
        <textoffsetx>20</textoffsetx>
        <align>left</align>
        <aligny>center</aligny>
        <font>size23</font>
      </control>
      <control type="textbox" id="6" description="Settings description">
        <posx>560</posx>
        <posy>921</posy>
        <width>1230</width>
        <height>126</height>
        <align>justify</align>
        <textcolor>HL</textcolor>
        <autoscroll time="3000" delay="4000" repeat="5000">true</autoscroll>
      </control>
    </control>
  </controls>
</window>
