<?xml version="1.0" encoding="UTF-8"?>
<includes>
  <include name="View_502" description="All Video Views">
    <control type="group" description="Panel view">
      <visible>Control.IsVisible(502)</visible>
      <control type="group" description="Frames">
        <control type="image" description="Posters">
          <posx>842</posx>
          <posy>69</posy>
          <width>251</width>
          <height>345</height>
          <texture border="36">focus/FrameFO.png</texture>
          <bordersize>-9</bordersize>
          <aspectratio>stretch</aspectratio>
          <animation condition="Container.Column(0)" effect="slide" easing="inout" start="0,0" end="0,0" time="220" reversible="true">Conditional</animation>
          <animation condition="Container.Column(1)" effect="slide" easing="inout" start="0,0" end="265,0" time="220" reversible="true">Conditional</animation>
          <animation condition="Container.Column(2)" effect="slide" easing="inout" start="0,0" end="530,0" time="220" reversible="true">Conditional</animation>
          <animation condition="Container.Column(3)" effect="slide" easing="inout" start="0,0" end="795,0" time="220" reversible="true">Conditional</animation>
          <animation condition="Container.Row(0)" effect="slide" easing="inout" start="0,0" end="0,0" time="220" reversible="true">Conditional</animation>
          <animation condition="Container.Row(1)" effect="slide" easing="inout" start="0,0" end="0,320" time="220" reversible="true">Conditional</animation>
          <animation condition="Container.Row(2)" effect="slide" easing="inout" start="0,0" end="0,640" time="220" reversible="true">Conditional</animation>
        </control>
      </control>
      <control type="group" description="Container and frame">
        <control type="panel" id="502" description="Grid">
          <visible>Container.Content(Movies) | Container.content(tvshows) | container.content(seasons)</visible>
          <viewtype label="$LOCALIZE[31976]">Panel</viewtype>
          <posx>835</posx>
          <posy>69</posy>
          <width>1062</width>
          <height>960</height>
          <orientation>vertical</orientation>
          <pagecontrol>60</pagecontrol>
					<onleft condition="!Skin.HasSetting(ViewOptions_Hide)">9000</onleft>
          <onright condition="Skin.HasSetting(Scrollbars_Active)">9001</onright>
					<onup>502</onup>
          <ondown>502</ondown>
          <preloaditems>4</preloaditems>
          <pagecontrol>60</pagecontrol>
          <scrolltime>400</scrolltime>
          <itemlayout height="320" width="265">
            <control type="image">
              <posx>34</posx>
              <posy>24</posy>
              <width>197</width>
              <height>294</height>
              <texture border="12">img/ThumbBorder.png</texture>
              <bordersize>-9</bordersize>
            </control>
            <control type="image">
              <posx>34</posx>
              <posy>24</posy>
              <width>197</width>
              <height>294</height>
              <texture fallback="DefaultFolder.png" background="true">$INFO[ListItem.Thumb]</texture>
              <aspectratio>scale</aspectratio>
            </control>
            <control type="image" description="Overlay">
              <visible>![container.content(TVshows) | container.content(seasons)]</visible>
              <posx>195</posx>
              <posy>285</posy>
              <height>30</height>
              <width>30</width>
              <aspectratio>keep</aspectratio>
              <texture>$VAR[Overlay]</texture>
            </control>
            <control type="group">
              <visible>container.content(TVshows) | container.content(seasons)</visible>
              <control type="image">
                <visible>IntegerGreaterThan(ListItem.Property(UnwatchedEpisodes),0)</visible>
                <right>9</right>
                <top>9</top>
                <height>51</height>
                <width>51</width>
                <aspectratio>keep</aspectratio>
                <texture>overlay/UnwatchedNib.png</texture>
                <colordiffuse>Overlay</colordiffuse>
              </control>
              <control type="label" description="Label2">
                <visible>IntegerGreaterThan(ListItem.Property(UnwatchedEpisodes),0)</visible>
                <right>12</right>
                <top>12</top>
                <height>45</height>
                <width>45</width>
                <font>size16</font>
                <align>center</align>
                <textcolor>HL</textcolor>
                <label>[B]$INFO[ListItem.Property(UnwatchedEpisodes)][/B]</label>
              </control>
            </control>
          </itemlayout>
          <focusedlayout height="320" width="265">
            <control type="image">
              <posx>34</posx>
              <posy>24</posy>
              <width>197</width>
              <height>294</height>
              <texture border="12">img/ThumbBorder.png</texture>
              <bordersize>-9</bordersize>
            </control>
            <control type="image">
              <posx>34</posx>
              <posy>24</posy>
              <width>197</width>
              <height>294</height>
              <texture fallback="DefaultFolder.png" background="true">$INFO[ListItem.Thumb]</texture>
              <aspectratio>scale</aspectratio>
            </control>
            <control type="image" description="Overlay">
              <visible>![container.content(TVshows) | container.content(seasons)]</visible>
              <posx>195</posx>
              <posy>285</posy>
              <height>30</height>
              <width>30</width>
              <aspectratio>keep</aspectratio>
              <texture>$VAR[Overlay]</texture>
            </control>
            <control type="group">
              <visible>container.content(TVshows) | container.content(seasons)</visible>
              <control type="image">
                <visible>IntegerGreaterThan(ListItem.Property(UnwatchedEpisodes),0)</visible>
                <right>9</right>
                <top>9</top>
                <height>51</height>
                <width>51</width>
                <aspectratio>keep</aspectratio>
                <texture>overlay/UnwatchedNib.png</texture>
                <colordiffuse>Overlay</colordiffuse>
              </control>
              <control type="label" description="Label2">
                <visible>IntegerGreaterThan(ListItem.Property(UnwatchedEpisodes),0)</visible>
                <right>12</right>
                <top>12</top>
                <height>45</height>
                <width>45</width>
                <font>size16</font>
                <align>center</align>
                <textcolor>HL</textcolor>
                <label>[B]$INFO[ListItem.Property(UnwatchedEpisodes)][/B]</label>
              </control>
            </control>
          </focusedlayout>
        </control>
        <control type="group" description="Media info">
          <animation effect="fade" time="400">Visible</animation>
          <animation effect="fade" time="0">Hidden</animation>
          <posx>70</posx>
          <posy>0</posy>
          <control type="image" description="Sets">
            <visible>SubString(ListItem.Path,videodb://movies/sets/)</visible>
            <posx>-57</posx>
            <posy>376</posy>
            <height>33</height>
            <width>60</width>
            <aspectratio>keep</aspectratio>
            <texture>badges/setsFO.png</texture>
          </control>
          <control type="group" description="Media info Top">
            <posx>0</posx>
            <posy>180</posy>
            <control type="label" description="Main Label">
              <posy>-12</posy>
              <width>690</width>
              <font>size22B</font>
              <textcolor>HL</textcolor>
              <include>Genre51Commons</include>
              <label>$INFO[ListItem.Label]</label>
            </control>
            <control type="textbox" description="Plot51">
              <width>690</width>
              <height>624</height>
              <include>Plot51Commons</include>
              <label fallback="31979">$VAR[Plots]</label>
            </control>
          </control>
          <control type="group" description="Media Info Bottom">
            <visible>!Container.Content(MusicVideos)</visible>
            <posx>0</posx>
            <posy>816</posy>
            <control type="label" description="MPAA">
              <posy>90</posy>
              <width>690</width>
              <textcolor>White</textcolor>
              <include>Genre51Commons</include>
              <label>$INFO[ListItem.MPAA,[COLOR=Grey]$LOCALIZE[20074]:[/COLOR] ]</label>
            </control>
            <control type="label" description="Genre">
              <visible>!container.content(episodes)</visible>
              <width>690</width>
              <posy>130</posy>
              <textcolor>White</textcolor>
              <include>Genre51Commons</include>
              <label>$INFO[ListItem.Genre,[COLOR=Grey]$LOCALIZE[515]:[/COLOR] ]</label>
            </control>
            <control type="label" description="Genre">
              <visible>container.content(episodes)</visible>
              <posy>130</posy>
              <width>690</width>
              <textcolor>White</textcolor>
              <include>Genre51Commons</include>
              <label>$INFO[ListItem.RatingAndVotes,[COLOR=Grey]$LOCALIZE[563]:[/COLOR] ]</label>
            </control>
            <control type="label" description="Details">
              <textcolor>White</textcolor>
              <posy>171</posy>
              <width>690</width>
              <include>Genre51Commons</include>
              <label>$VAR[500TopLabel,[COLOR=Grey]$LOCALIZE[33029]:[/COLOR] ]</label>
            </control>
          </control>
          <!--<control type="group">
            <visible>Container.Content(MusicVideos)</visible>
            <include>MusicInfo</include>
          </control>-->
        </control>
      </control>
    </control>
  </include>
</includes>
