<?xml version="1.0" encoding="UTF-8"?>
<window>
  <defaultcontrol>61</defaultcontrol>
  <controls>
    <control type="group">
      <include>OpenClose</include>
      <control type="image">
        <centerleft>960</centerleft>
        <centertop>540</centertop>
        <width>1200</width>
        <height>1230</height>
        <texture border="128">img/DialogPanel.png</texture>
      </control>
      <control type="group">
        <posx>480</posx>
        <posy>75</posy>
        <control type="label" id="1" description="Header">
          <posx>60</posx>
          <posy>30</posy>
          <align>center</align>
          <width>750</width>
          <height>45</height>
					<textcolor>HL</textcolor>
        </control>
        <control type="textbox" id="5" description="Textarea">
          <posx>90</posx>
          <posy>150</posy>
          <width>750</width>
          <height>712</height>
          <font>size18</font>
          <align>justify</align>
        </control>
        <control type="scrollbar" id="61">
          <posx>930</posx>
          <posy>150</posy>
          <height>690</height>
          <onleft>Close</onleft>
          <onright>Close</onright>
          <ondown>61</ondown>
          <onup>61</onup>
        </control>
      </control>
    </control>
  </controls>
</window>
