<?xml version="1.0" encoding="UTF-8"?>
<window>
  <include>OpenClose</include>
  <controls>
    <control type="image">
      <right>45</right>
      <top>42</top>
      <width>111</width>
      <height>111</height>
      <texture border="24">HUD/HUDBackground.png</texture>
    </control>
    <control type="image" id="901" description="Muted">
      <top>48</top>
      <right>45</right>
      <width>111</width>
      <height>111</height>
      <bordersize>-15</bordersize>
      <aspectratio align="right">keep</aspectratio>
      <texture>HUD/VolumeMuted.png</texture>
    </control>
  </controls>
</window>