<?xml version="1.0" encoding="UTF-8"?>
<window>
  <defaultcontrol always="true">5</defaultcontrol>
  
  <include>OpenClose</include>
  <controls>
    <control type="group">
      <centerleft>50%</centerleft>
      <posy>0</posy>
			<width>1110</width>
      <animation effect="fade" end="0" time="400" condition="Window.IsVisible(SliderDialog) | Window.IsVisible(FileBrowser)">Conditional</animation>
      <control type="image" description="background image">
        <centertop>50%</centertop>
        <posy>0</posy>
        <width>1110</width>
        <height>1200</height>
        <texture border="128">img/DialogPanelST.png</texture>
        <aspectratio>stretch</aspectratio>
      </control>
      <control type="label" id="2" description="Settings">
        <posx>30</posx>
        <posy>60</posy>
        <width>1050</width>
        <font>size24B</font>
        <align>center</align>
      </control>
      <control type="grouplist" id="5" description="Control Area">
        <posx>135</posx>
        <posy>144</posy>
        <width>840</width>
        <height>920</height>
        <itemgap>-3</itemgap>
        <orientation>vertical</orientation>
        <pagecontrol>60</pagecontrol>
        <onup>5</onup>
        <ondown>5</ondown>
      </control>
      <control type="button" id="7">
        <description>Default Button</description>
        <texturenofocus>-</texturenofocus>
        <font>size20</font>
        <align>left</align>
        <height>60</height>
      </control>
      <control type="radiobutton" id="8">
        <description>Default RadioButton</description>
        <texturenofocus>-</texturenofocus>
        <align>left</align>
        <font>size20</font>
        <height>60</height>
      </control>
      <control type="spincontrolex" id="9">
        <description>Default spincontrolex</description>
        <texturenofocus>-</texturenofocus>
        <align>left</align>
        <font>size20</font>
        <height>60</height>
        <reverse>yes</reverse>
      </control>
      <control type="sliderex" id="13">
        <description>Default Slider</description>
        <texturenofocus>-</texturenofocus>
        <align>left</align>
        <font>size20</font>
        <height>60</height>
      </control>
    </control>
  </controls>
</window>
