<?xml version="1.0" encoding="UTF-8"?>
<includes>
  <include name="View_51" description="51">
    <control type="group" description="Big List 51">
      <visible>Control.IsVisible(51)</visible>
      <include>DefaultThumbs</include>
      <control type="group" description="Slider and List">
        <include>LargeListItemCount</include>
        <posx>1020</posx>
        <posy>141</posy>
        <control type="fixedlist" id="51">
          <visible>container.content(movies) | container.content(tvshows) | container.content(seasons) | container.content(episodes) | container.content(musicvideos) | container.content(addons) | container.content(files)</visible>
          <posx>0</posx>
          <posy>0</posy>
          <width>802</width>
          <height>888</height>
          <pagecontrol>60</pagecontrol>
					<onleft condition="!Skin.HasSetting(ViewOptions_Hide)">9000</onleft>
          <onright condition="Skin.HasSetting(Scrollbars_Active)">9001</onright>
					<onup>51</onup>
          <ondown>51</ondown>
          <viewtype label="537">Big List 51</viewtype>
          <focusposition>3</focusposition>
          <movement>4</movement>
          <preloaditems>4</preloaditems>
          <include>LargeListAddonsLayout</include>
          <include>LargeListSeasonsTVPostersLayout</include>
          <include>LargeListMoviesLayout</include>
          <include>LargeListFilesLayout</include>
          <include>LargeListNoThumbEpisodesLayout</include>
        </control>
        <include>LargeListSlider</include>
      </control>
      <!--<include>LargeListFade</include>-->
      <!--<control type="scrollbar" id="60">
        <posx>39r</posx>
        <posy>135</posy>
        <height>870</height>
        <onleft>51</onleft>
        <onright>noop</onright>
      </control>-->
    </control>
  </include>
</includes>
