﻿<?xml version="1.0" encoding="UTF-8" standalone="yes"?>
<addon id="plugin.video.videokub.me" name="VideoKub.me" version="3.0.3" provider-name="mrstealth">
    <requires>
        <import addon="xbmc.python" version="2.1.0"/>
        <import addon="script.module.kodi.utils" version="3.0.0"/>
        <import addon="script.module.translit" version="3.0.0"/>
    </requires>
    <extension point="xbmc.python.pluginsource" library="default.py">>
        <provides>video</provides>
    </extension>
    <extension point= "xbmc.addon.metadata">
        <summary>VideoKub.me</summary>
        <description>Видео Куб (http://videokub.me)</description>
        <description>For personal use only</description>
        <platform>all</platform>
    </extension>
</addon>
