<?xml version="1.0" encoding="UTF-8"?>
<window>
  <defaultcontrol always="false">8</defaultcontrol>
  <coordinates>
    <origin x="0" y="0" />
  </coordinates>
  <controls>
    <control type="group" description="content">
      <include>OpenClose</include>
      <control type="group" description="Thumbs">
        <visible>Control.HasFocus(10)</visible>
        <include>VisibleFadeEffect</include>
        <posx>392</posx>
        <posy>120</posy>
        <control type="image" description="Thumb">
          <posx>0</posx>
          <posy>30</posy>
          <width>1137</width>
          <height>660</height>
          <texture>$INFO[ListItem.Thumb]</texture>
          <aspectratio aligny="bottom">keep</aspectratio>
        </control>
      </control>
      <control type="group" description="Media Info">
        <visible>![Control.HasFocus(12) | Control.HasFocus(10) | Control.HasFocus(9012) | Control.HasFocus(50)]</visible>
        <include>VisibleFadeEffect</include>
        <control type="group" description="top">
          <posx>180</posx>
          <posy>60</posy>
          <control type="label" description="Main Label">
            <posy>0</posy>
            <width>1200</width>
            <height>60</height>
            <font>size24B</font>
            <textcolor>White2</textcolor>
            <align>left</align>
            <autoscroll time="6000" delay="8000" repeat="8000">true</autoscroll>
            <info>ListItem.Label</info>
          </control>
          <control type="image" description="Stars rating">
            <posx>1425</posx>
            <posy>21</posy>
            <height>45</height>
            <width>135</width>
            <aspectratio aligny="center" align="right">keep</aspectratio>
            <texture>$INFO[ListItem.Rating,badges/,.png]</texture>
          </control>
          <control type="image" description="Line Split">
            <posx>0</posx>
            <posy>68</posy>
            <width>1560</width>
            <height>1</height>
            <texture>img/LineL.png</texture>
            <aspectratio>stretch</aspectratio>
          </control>
          <control type="textbox" description="Plot">
            <posx>0</posx>
            <posy>75</posy>
            <width>1560</width>
            <height>291</height>
            <align>justify</align>
            <font>size20</font>
            <autoscroll delay="15000" time="5000" repeat="10000">true</autoscroll>
            <label>$VAR[Plots]</label>
          </control>
          <control type="image" description="Line Split">
            <posx>0</posx>
            <posy>376</posy>
            <width>1560</width>
            <height>1</height>
            <texture>img/LineL.png</texture>
            <aspectratio>stretch</aspectratio>
          </control>
          <control type="grouplist" description="Flags">
            <posx>0</posx>
            <posy>390</posy>
            <width min="90" max="450">auto</width>
            <height>45</height>
            <itemgap>30</itemgap>
            <orientation>horizontal</orientation>
            <align>left</align>
            <aligny>center</aligny>
            <control type="image">
              <visible>IntegerGreaterThan(ListItem.VideoResolution,710)</visible>
              <height>45</height>
              <width>90</width>
              <posx>0</posx>
              <posy>0</posy>
              <bordersize>3</bordersize>
              <aspectratio>keep</aspectratio>
              <colordiffuse>Silver</colordiffuse>
              <texture>$INFO[ListItem.VideoResolution,badges/video/,.png]</texture>
            </control>
            <control type="image">
              <visible>!IsEmpty(ListItem.VideoCodec)</visible>
              <height>45</height>
              <width>90</width>
              <bordersize>3</bordersize>
              <aspectratio>keep</aspectratio>
              <colordiffuse>Silver</colordiffuse>
              <texture>$INFO[ListItem.VideoCodec,badges/video/,.png]</texture>
            </control>
            <control type="image">
              <visible>!IsEmpty(ListItem.AudioChannels)</visible>
              <height>45</height>
              <width>90</width>
              <bordersize>3</bordersize>
              <aspectratio>keep</aspectratio>
              <colordiffuse>Silver</colordiffuse>
              <texture>$INFO[ListItem.AudioChannels,badges/channels,.png]</texture>
            </control>
            <control type="image">
              <visible>!IsEmpty(ListItem.AudioCodec)</visible>
              <height>45</height>
              <width>90</width>
              <bordersize>3</bordersize>
              <aspectratio>keep</aspectratio>
              <colordiffuse>Silver</colordiffuse>
              <texture>$INFO[ListItem.AudioCodec,badges/audio/,.png]</texture>
            </control>
          </control>
          <control type="group" description="List Info">
            <posx>0</posx>
            <posy>450</posy>
            <control type="group">
              <visible>![container.content(tvshows) | container.content(episodes) | SubString(Container.FolderPath,videodb://3,left) | Control.HasFocus(12) | Control.HasFocus(10)]</visible>
              <include>VisibleFadeEffect</include>
              <control type="list" id="49">
                <include>List49_Commons</include>
                <content>
                  <item>
                    <label>$LOCALIZE[20376]:</label>
                    <label2>$INFO[ListItem.OriginalTitle]</label2>
                    <onclick>noop</onclick>
                    <visible>!IsEmpty(ListItem.OriginalTitle) + !stringcompare(ListItem.OriginalTitle,Listitem.Title)</visible>
                  </item>
                  <item>
                    <label>$LOCALIZE[20339]:</label>
                    <label2>$INFO[ListItem.Director]</label2>
                    <onclick>SendClick(2003,13)</onclick>
                    <visible>!IsEmpty(ListItem.Director)</visible>
                  </item>
                  <item>
                    <label>$LOCALIZE[20417]:</label>
                    <label2>$INFO[ListItem.Writer]</label2>
                    <onclick>noop</onclick>
                    <visible>!IsEmpty(ListItem.Writer)</visible>
                  </item>
                  <item>
                    <label>$LOCALIZE[572]:</label>
                    <label2>$INFO[ListItem.Studio]</label2>
                    <onclick>noop</onclick>
                    <visible>!IsEmpty(ListItem.Studio)</visible>
                  </item>
                  <item>
                    <label>$LOCALIZE[515]:</label>
                    <label2>$INFO[ListItem.Genre]</label2>
                    <onclick>noop</onclick>
                    <visible>!IsEmpty(ListItem.Genre)</visible>
                  </item>
                  <item>
                    <label>$LOCALIZE[562]:</label>
                    <label2>$INFO[ListItem.Year]</label2>
                    <onclick>noop</onclick>
                    <visible>!IsEmpty(ListItem.Year)</visible>
                  </item>
                  <item>
                    <label>$LOCALIZE[2050]:</label>
                    <label2>$INFO[ListItem.Duration] $LOCALIZE[12391]</label2>
                    <onclick>noop</onclick>
                    <visible>!IsEmpty(ListItem.Duration)</visible>
                  </item>
                  <item>
                    <label>$LOCALIZE[563]:</label>
                    <label2>$INFO[ListItem.RatingAndVotes]</label2>
                    <onclick>noop</onclick>
                    <visible>!IsEmpty(ListItem.RatingAndVotes)</visible>
                  </item>
                  <item>
                    <label>$LOCALIZE[20074]:</label>
                    <label2>$INFO[ListItem.mpaa]</label2>
                    <onclick>noop</onclick>
                    <visible>!IsEmpty(ListItem.mpaa)</visible>
                  </item>
                  <!--<item>
                <label>-</label>
                <label2>-</label2>
                <onclick>noop</onclick>
                <icon>img/LineST.png</icon>
              </item>-->
                </content>
              </control>
            </control>
            <control type="group" description="TV Shows">
              <visible>Container.Content(TVShows) + !Control.HasFocus(12)</visible>
              <include>VisibleFadeEffect</include>
              <control type="list" id="49">
                <include>List49_Commons</include>
                <content>
                  <item>
                    <label>$LOCALIZE[20360]:</label>
                    <label2>$INFO[listitem.episode] [COLOR=Grey] ($INFO[ListItem.Property(WatchedEpisodes),, $LOCALIZE[16102]] - $INFO[ListItem.Property(UnWatchedEpisodes), , $LOCALIZE[16101]])[/COLOR]</label2>
                    <onclick>noop</onclick>
                    <visible>!IsEmpty(ListItem.Episode)</visible>
                  </item>
                  <item>
                    <label>$LOCALIZE[31322]:</label>
                    <label2>$INFO[ListItem.Premiered]</label2>
                    <onclick>noop</onclick>
                    <visible>!IsEmpty(ListItem.Premiered)</visible>
                  </item>
                  <item>
                    <label>$LOCALIZE[515]:</label>
                    <label2>$INFO[ListItem.Genre]</label2>
                    <onclick>noop</onclick>
                    <visible>!IsEmpty(ListItem.Genre)</visible>
                  </item>
                  <item>
                    <label>$LOCALIZE[562]:</label>
                    <label2>$INFO[ListItem.Year]</label2>
                    <onclick>noop</onclick>
                    <visible>!IsEmpty(ListItem.Year)</visible>
                  </item>
                  <item>
                    <label>$LOCALIZE[563]:</label>
                    <label2>$INFO[ListItem.Rating]</label2>
                    <onclick>noop</onclick>
                    <visible>!IsEmpty(ListItem.Rating)</visible>
                  </item>
                  <item>
                    <label>$LOCALIZE[561]:</label>
                    <label2>$INFO[ListItem.FileName]</label2>
                    <onclick>noop</onclick>
                    <visible>!IsEmpty(ListItem.FileName)</visible>
                  </item>
                  <item>
                    <label>$LOCALIZE[573]:</label>
                    <label2>[COLOR=Grey]$INFO[ListItem.Path][/COLOR]</label2>
                    <onclick>noop</onclick>
                    <visible>!IsEmpty(ListItem.Path)</visible>
                  </item>
                  <!--<item>
                <label>-</label>
                <label2>-</label2>
                <onclick>noop</onclick>
                <icon>img/LineST.png</icon>
              </item>-->
                </content>
              </control>
            </control>
            <control type="group" description="Episodes">
              <visible>container.content(episodes) + !Control.HasFocus(12)</visible>
              <include>VisibleFadeEffect</include>
              <control type="list" id="49">
                <include>List49_Commons</include>
                <content>
                  <item>
                    <label>$LOCALIZE[20364]:</label>
                    <label2>$INFO[ListItem.TVShowTitle]</label2>
                    <onclick>noop</onclick>
                    <visible>!IsEmpty(ListItem.TVShowTitle)</visible>
                  </item>
                  <item>
                    <label>$LOCALIZE[20373]:</label>
                    <label2>$INFO[ListItem.Season]</label2>
                    <onclick>noop</onclick>
                    <visible>!IsEmpty(ListItem.Season)</visible>
                  </item>
                  <item>
                    <label>$LOCALIZE[20359]:</label>
                    <label2>$INFO[ListItem.Episode]</label2>
                    <onclick>noop</onclick>
                    <visible>!IsEmpty(ListItem.Episode)</visible>
                  </item>
                  <item>
                    <label>$LOCALIZE[31322]:</label>
                    <label2>$INFO[ListItem.Premiered]</label2>
                    <onclick>noop</onclick>
                    <visible>!IsEmpty(ListItem.Premiered)</visible>
                  </item>
                  <item>
                    <label>$LOCALIZE[515]:</label>
                    <label2>$INFO[ListItem.Genre]</label2>
                    <onclick>noop</onclick>
                    <visible>!IsEmpty(ListItem.Genre)</visible>
                  </item>
                  <item>
                    <label>$LOCALIZE[20339]:</label>
                    <label2>$INFO[ListItem.Director]</label2>
                    <onclick>SendClick(2003,13)</onclick>
                    <visible>!IsEmpty(ListItem.Director)</visible>
                  </item>
                  <item>
                    <label>$LOCALIZE[20417]:</label>
                    <label2>$INFO[ListItem.Writer]</label2>
                    <onclick>noop</onclick>
                    <visible>!IsEmpty(ListItem.Writer)</visible>
                  </item>
                  <item>
                    <label>$LOCALIZE[562]:</label>
                    <label2>$INFO[ListItem.Year]</label2>
                    <onclick>noop</onclick>
                    <visible>!IsEmpty(ListItem.Year)</visible>
                  </item>
                  <item>
                    <label>$LOCALIZE[2050]:</label>
                    <label2>$INFO[ListItem.Duration] $LOCALIZE[12391]</label2>
                    <onclick>noop</onclick>
                    <visible>!IsEmpty(ListItem.Duration)</visible>
                  </item>
                  <item>
                    <label>$LOCALIZE[563]:</label>
                    <label2>$INFO[ListItem.Rating]</label2>
                    <onclick>noop</onclick>
                    <visible>!IsEmpty(ListItem.Rating)</visible>
                  </item>
                  <item>
                    <label>$LOCALIZE[561]:</label>
                    <label2>$INFO[ListItem.FileName]</label2>
                    <onclick>noop</onclick>
                    <visible>!IsEmpty(ListItem.FileName)</visible>
                  </item>
                  <item>
                    <label>$LOCALIZE[573]:</label>
                    <label2>[COLOR=Grey]$INFO[ListItem.Path][/COLOR]</label2>
                    <onclick>noop</onclick>
                    <visible>!IsEmpty(ListItem.Path)</visible>
                  </item>
                  <!--<item>
                <label>-</label>
                <label2>-</label2>
                <onclick>noop</onclick>
                <icon>img/LineST.png</icon>
              </item>-->
                </content>
              </control>
            </control>
            <control type="group" description="Music Videos">
              <visible>SubString(Container.FolderPath,videodb://3,left) + !Control.HasFocus(12)</visible>
              <include>VisibleFadeEffect</include>
              <control type="list" id="49">
                <include>List49_Commons</include>
                <content>
                  <item>
                    <label>$LOCALIZE[557]:</label>
                    <label2>$INFO[ListItem.Artist]</label2>
                    <onclick>noop</onclick>
                    <visible>!IsEmpty(ListItem.Artist)</visible>
                  </item>
                  <item>
                    <label>$LOCALIZE[558]:</label>
                    <label2>$INFO[ListItem.Album]</label2>
                    <onclick>noop</onclick>
                    <visible>!IsEmpty(ListItem.Album)</visible>
                  </item>
                  <item>
                    <label>$LOCALIZE[515]:</label>
                    <label2>$INFO[ListItem.Genre]</label2>
                    <onclick>noop</onclick>
                    <visible>!IsEmpty(ListItem.Genre)</visible>
                  </item>
                  <item>
                    <label>$LOCALIZE[572]:</label>
                    <label2>$INFO[ListItem.Studio]</label2>
                    <onclick>noop</onclick>
                    <visible>!IsEmpty(ListItem.Studio)</visible>
                  </item>
                  <item>
                    <label>$LOCALIZE[20417]:</label>
                    <label2>$INFO[ListItem.Writer]</label2>
                    <onclick>noop</onclick>
                    <visible>!IsEmpty(ListItem.Writer)</visible>
                  </item>
                  <item>
                    <label>$LOCALIZE[20339]:</label>
                    <label2>$INFO[ListItem.Director]</label2>
                    <onclick>noop</onclick>
                    <visible>!IsEmpty(ListItem.Director)</visible>
                  </item>
                  <item>
                    <label>$LOCALIZE[562]:</label>
                    <label2>$INFO[ListItem.Year]</label2>
                    <onclick>noop</onclick>
                    <visible>!IsEmpty(ListItem.Year)</visible>
                  </item>
                  <item>
                    <label>$LOCALIZE[2050]:</label>
                    <label2>$INFO[ListItem.Duration] $LOCALIZE[12391]</label2>
                    <onclick>noop</onclick>
                    <visible>!IsEmpty(ListItem.Duration)</visible>
                  </item>
                  <item>
                    <label>$LOCALIZE[561]:</label>
                    <label2>$INFO[ListItem.FileName]</label2>
                    <onclick>noop</onclick>
                    <visible>!IsEmpty(ListItem.FileName)</visible>
                  </item>
                  <item>
                    <label>$LOCALIZE[573]:</label>
                    <label2>[COLOR=Grey]$INFO[ListItem.Path][/COLOR]</label2>
                    <onclick>noop</onclick>
                    <visible>!IsEmpty(ListItem.Path)</visible>
                  </item>
                  <!--<item>
                <label>-</label>
                <label2>-</label2>
                <onclick>noop</onclick>
                <icon>img/LineST.png</icon>
              </item>-->
                </content>
              </control>
            </control>
          </control>
        </control>
      </control>
      <control type="group" description="Actors">
        <posy>60</posy>
        <visible>Control.HasFocus(9012) | Control.HasFocus(50)</visible>
        <include>VisibleFadeEffect</include>
        <control type="fixedlist" id="50">
          <visible>Control.HasFocus(9012) | Control.HasFocus(50)</visible>
          <posx>-240</posx>
          <posy>111</posy>
          <width>2400</width>
          <height>885</height>
          <onleft>50</onleft>
          <onright>50</onright>
          <onup>9012</onup>
          <ondown>9012</ondown>
          <viewtype>Actors</viewtype>
          <focusposition>2</focusposition>
          <movement>-</movement>
          <orientation>horizontal</orientation>
          <scrolltime easing="inout">280</scrolltime>
          <itemlayout width="480" height="750">
            <control type="image" description="Thumb BG">
              <posx>56</posx>
              <posy>69</posy>
              <height>543</height>
              <width>369</width>
              <aspectratio>stretch</aspectratio>
              <texture>img/BlackDot.png</texture>
            </control>
            <control type="image" description="Thumb">
              <posx>56</posx>
              <posy>69</posy>
              <height>543</height>
              <width>369</width>
              <aspectratio>keep</aspectratio>
              <texture fallback="DefaultFolder.png" background="true">$INFO[ListItem.Thumb]</texture>
            </control>
          </itemlayout>
          <focusedlayout width="480" height="750">
            <control type="image" description="Thumb BG">
              <posx>56</posx>
              <posy>69</posy>
              <height>543</height>
              <width>369</width>
              <aspectratio>stretch</aspectratio>
              <texture>img/BlackDot.png</texture>
            </control>
            <control type="image" description="Thumb">
              <posx>56</posx>
              <posy>69</posy>
              <height>543</height>
              <width>369</width>
              <aspectratio>keep</aspectratio>
              <texture fallback="DefaultFolder.png" background="true">$INFO[ListItem.Thumb]</texture>
            </control>
          </focusedlayout>
        </control>
        <control type="image" description="Coverflow Selector">
          <visible>Control.HasFocus(50)</visible>
          <include>VisibleFadeEffect</include>
          <posx>748</posx>
          <posy>152</posy>
          <width>424</width>
          <height>600</height>
          <texture border="36">focus/FrameFO.png</texture>
          <bordersize>-9</bordersize>
          <aspectratio>stretch</aspectratio>
        </control>
        <control type="label" description="Media details">
          <visible>Control.HasFocus(9012) | control.HasFocus(50)</visible>
          <posx>345</posx>
          <posy>735</posy>
          <width>1230</width>
          <align>center</align>
          <textcolor>Silver</textcolor>
          <font>size22B</font>
          <label>$INFO[Container(50).ListItem.Label]</label>
        </control>
      </control>
      <control type="image" description="Navbar">
        <posx>-90</posx>
        <posy>963</posy>
        <width>2100</width>
        <height>136</height>
        <aspectratio>stretch</aspectratio>
        <texture>img/HomeMenuBar.png</texture>
      </control>
      <control type="group" description="Options">
        <posy>0</posy>
        <posx>0</posx>
        <control type="grouplist">
          <posx>0</posx>
          <posy>993</posy>
          <width>1920</width>
          <height>88</height>
          <itemgap>0</itemgap>
          <aligny>bottom</aligny>
          <align>center</align>
          <orientation>horizontal</orientation>
          <control type="button" id="299" description="Cinema">
            <visible>Container.Content(Movies) + system.hasaddon(script.cinema.experience)</visible>
            <height>66</height>
            <width>270</width>
            <align>center</align>
            <font>size22</font>
            <label>$LOCALIZE[31037]</label>
            <textcolor>White</textcolor>
            <onclick>Dialog.Close(all,true)</onclick>
            <onclick>Playlist.Clear</onclick>
            <onclick>RunScript(script.cinema.experience)</onclick>
          </control>
          <control type="togglebutton" id="8" description="Play/browse to Show">
            <height>66</height>
            <width>270</width>
            <align>center</align>
            <font>size22</font>
            <label>208</label>
            <altlabel>1024</altlabel>
            <usealttexture>Container.Content(TVShows)</usealttexture>
          </control>
          <control type="button" id="301" description="InProgressReset">
            <visible>[Container.Content(Episodes) | Container.Content(Movies) ] + system.hasaddon(script.module.inprogressreset) + !SubString(ListItem.PercentPlayed,0,left)</visible>
            <height>66</height>
            <width>270</width>
            <align>center</align>
            <font>size22</font>
            <label>Reset Progress</label>
            <onclick>Dialog.Close(all,true)</onclick>
            <onclick>RunScript(script.module.inprogressreset,DBID=$INFO[ListItem.DBID])</onclick>
          </control>
          <control type="button" id="11" description="Trailer">
            <visible>!IsEmpty(ListItem.Trailer)</visible>
            <height>66</height>
            <width>270</width>
            <font>size22</font>
            <align>center</align>
            <label>20410</label>
          </control>
          <control type="button" id="6" description="Refresh">
            <height>66</height>
            <width>270</width>
            <align>center</align>
            <font>size22</font>
            <label>$LOCALIZE[184]</label>
          </control>
          <control type="button" id="9012" description="Actors">
            <onup>50</onup>
            <height>66</height>
            <width>270</width>
            <align>center</align>
            <font>size22</font>
            <label>344</label>
            <onclick>Control.SetFocus(50)</onclick>
          </control>
          <control type="button" id="10" description="Get Art">
            <height>66</height>
            <width>270</width>
            <align>center</align>
            <font>size22</font>
            <label>13511</label>
          </control>
        </control>
      </control>
    </control>
  </controls>
</window>
