<?xml version="1.0" encoding="UTF-8"?>
<window type="dialog">
  <controls>
    <control type="group">
      <animation effect="slide" start="0,0" end="0,-150" time="200" reversible="true" condition="Window.IsActive(FullScreenVideo)">Conditional</animation>
      <control type="image">
        <posx>0</posx>
        <posy>0</posy>
        <width>1920</width>
        <height>96</height>
        <texture>HUD/Notification.png</texture>
      </control>
      <control type="label" id="30" description="Heading">
        <top>6</top>
        <left>10</left>
        <width>890</width>
        <height>60</height>
        <align>right</align>
        <font>-</font>
      </control>
      <control type="label" id="31" description="Message">
        <top>6</top>
        <right>10</right>
        <width>890</width>
        <height>60</height>
        <align>left</align>
        <haspath>true</haspath>
        <font>-</font>
      </control>
      <control type="progress" id="32" description="Progress bar">
        <posx>48</posx>
        <posy>0</posy>
        <width>555</width>
        <height>8</height>
        <texturebg>-</texturebg>
        <midtexture>-</midtexture>
        <righttexture>-</righttexture>
        <lefttexture>-</lefttexture>
      </control>
      <control type="label" id="1" description="Group label">
        <top>12</top>
        <left>70</left>
        <width>1780</width>
        <height>60</height>
        <font>size18</font>
        <scroll>false</scroll>
        <label>[COLOR=HL]$INFO[Control.GetLabel(32),,%][/COLOR]  $INFO[Control.GetLabel(30)] [COLOR=HL]•[/COLOR] $INFO[Control.GetLabel(31)]</label>
      </control>
    </control>
  </controls>
</window>
