<?xml version="1.0" encoding="UTF-8"?>
<window>
  <defaultcontrol always="true">20</defaultcontrol>
  <controls>
    <include>FullBackground</include>
    <control type="group" description="Content">
      <include>OpenClose</include>
      <control type="label" description="Heading">
        <include>Heading</include>
        <label>7</label>
      </control>
      <control type="image" description="Line Splitter">
        <posx>960</posx>
        <posy>225</posy>
        <height>810</height>
        <width>1</width>
        <texture>img/LineV.png</texture>
      </control>
      <control type="group" description="Left panel">
        <posx>75</posx>
        <posy>78</posy>
        <control type="label" id="101" description="Header Label">
          <posx>30</posx>
          <width>900</width>
          <align>left</align>
          <label>-</label>
          <font>size17</font>
          <haspath>true</haspath>
          <textcolor>HL</textcolor>
          <shadowcolor>black</shadowcolor>
        </control>
        <control type="panel" id="20" description="Left File List">
          <posx>30</posx>
          <posy>84</posy>
          <width>840</width>
          <height>818</height>
          <onleft>21</onleft>
          <onright>21</onright>
          <itemlayout height="63" width="840">
            <control type="image">
              <width>840</width>
              <height>60</height>
              <!--<texture border="4">img/MediaButton2.png</texture>-->
              <texture border="4">img/SettingsButtonNF.png</texture>
            </control>
            <control type="label">
              <posx>15</posx>
              <width>700</width>
              <height>60</height>
              <font>size22</font>
              <info>ListItem.Label</info>
            </control>
            <control type="label">
              <right>10</right>
              <height>60</height>
              <width>120</width>
              <font>size17</font>
              <info>ListItem.Label2</info>
              <align>right</align>
            </control>
          </itemlayout>
          <focusedlayout height="66" width="840">
            <control type="image">
              <width>840</width>
              <height>60</height>
              <texture border="4">img/MediaButton2.png</texture>
              <!--<texture border="4">img/SettingsButtonNF.png</texture>-->
            </control>
            <control type="label">
              <posx>15</posx>
              <width>700</width>
              <height>60</height>
              <font>size22</font>
              <info>ListItem.Label</info>
            </control>
            <control type="label">
              <right>10</right>
              <height>60</height>
              <width>120</width>
              <font>size17</font>
              <info>ListItem.Label2</info>
              <align>right</align>
            </control>
          </focusedlayout>
        </control>
        <control type="label" id="12" description="Footer Label">
          <posx>15</posx>
          <posy>930</posy>
          <width>480</width>
          <align>left</align>
          <font>size17</font>
          <textcolor>Silver</textcolor>
          <label>-</label>
        </control>
      </control>
      <control type="group" description="Right panel">
        <posx>975</posx>
        <posy>78</posy>
        <control type="label" id="102" description="Right Header Label">
          <posx>60</posx>
          <width>900</width>
          <align>right</align>
          <label>-</label>
          <font>size17</font>
          <haspath>true</haspath>
          <textcolor>HL</textcolor>
          <shadowcolor>black</shadowcolor>
        </control>
        <control type="panel" id="21" description="Left File List">
          <posx>0</posx>
          <posy>84</posy>
          <width>840</width>
          <height>818</height>
          <onleft>20</onleft>
          <onright>20</onright>
          <itemlayout height="63" width="840">
            <control type="image">
              <width>840</width>
              <height>60</height>
              <!--<texture border="4">img/MediaButton2.png</texture>-->
              <texture border="4">img/SettingsButtonNF.png</texture>
            </control>
            <control type="label">
              <posx>15</posx>
              <width>700</width>
              <height>60</height>
              <font>size22</font>
              <info>ListItem.Label</info>
            </control>
            <control type="label">
              <right>10</right>
              <height>60</height>
              <width>120</width>
              <font>size17</font>
              <info>ListItem.Label2</info>
              <align>right</align>
            </control>
          </itemlayout>
          <focusedlayout height="66" width="840">
            <control type="image">
              <width>840</width>
              <height>60</height>
              <texture border="4">img/MediaButton2.png</texture>
              <!--<texture border="4">img/SettingsButtonNF.png</texture>-->
            </control>
            <control type="label">
              <posx>15</posx>
              <width>700</width>
              <height>60</height>
              <font>size22</font>
              <info>ListItem.Label</info>
            </control>
            <control type="label">
              <right>10</right>
              <height>60</height>
              <width>120</width>
              <font>size17</font>
              <info>ListItem.Label2</info>
              <align>right</align>
            </control>
          </focusedlayout>
        </control>
        <control type="label" id="13" description="Footer Label">
          <posx>855</posx>
          <posy>930</posy>
          <width>480</width>
          <align>right</align>
          <font>size17</font>
          <textcolor>Silver</textcolor>
          <label>-</label>
        </control>
      </control>
    </control>
  </controls>
</window>