<?xml version="1.0" encoding="UTF-8"?>
<fonts>
  <fontset id="Default">
    <font>
      <name>font13</name>
      <filename>Default.ttf</filename>
      <size>27</size>
      <color>White</color>
    </font>
    <font>
      <name>Scroll</name>
      <filename>Default.ttf</filename>
      <size>100</size>
			<style>bold</style>
    </font>
		<font>
      <name>size14</name>
      <filename>Default.ttf</filename>
      <size>21</size>
    </font>
    <font>
      <name>size15</name>
      <filename>Default.ttf</filename>
      <size>22</size>
    </font>
    <font>
      <name>size16</name>
      <filename>Default.ttf</filename>
      <size>24</size>
    </font>
    <font>
      <name>size17</name>
      <filename>Default.ttf</filename>
      <size>26</size>
    </font>
    <font>
      <name>size18</name>
      <filename>Default.ttf</filename>
      <size>27</size>
    </font>
    <font>
      <name>size19</name>
      <filename>Default.ttf</filename>
      <size>28</size>
    </font>
    <font>
      <name>size20</name>
      <filename>Default.ttf</filename>
      <size>30</size>
    </font>
    <font>
      <name>size22</name>
      <filename>Default.ttf</filename>
      <size>33</size>
    </font>
    <font>
      <name>size22B</name>
      <filename>Default.ttf</filename>
      <size>33</size>
      <style>bold</style>
    </font>
    <font>
      <name>size23</name>
      <filename>Default.ttf</filename>
      <size>34</size>
    </font>
    <font>
      <name>size24</name>
      <filename>Default.ttf</filename>
      <size>36</size>
    </font>
    <font>
      <name>size24B</name>
      <filename>Default.ttf</filename>
      <size>36</size>
      <style>bold</style>
    </font>
    <font>
      <name>size25</name>
      <filename>Default.ttf</filename>
      <size>38</size>
    </font>
    <font>
      <name>size26</name>
      <filename>Default.ttf</filename>
      <size>39</size>
    </font>
    <font>
      <name>size26B</name>
      <filename>Default.ttf</filename>
      <size>39</size>
      <style>bold</style>
    </font>
    <font>
      <name>size28</name>
      <filename>Default.ttf</filename>
      <size>42</size>
    </font>
    <font>
      <name>size28B</name>
      <filename>Default.ttf</filename>
      <size>42</size>
      <style>bold</style>
    </font>
  </fontset>
  <fontset id="Arial" idloc="31392">
    <font>
      <name>font13</name>
      <filename>arial.ttf</filename>
      <size>27</size>
      <color>White</color>
    </font>
    <font>
      <name>size14</name>
      <filename>arial.ttf</filename>
      <size>21</size>
    </font>
    <font>
      <name>size15</name>
      <filename>arial.ttf</filename>
      <size>22</size>
    </font>
    <font>
      <name>size16</name>
      <filename>arial.ttf</filename>
      <size>24</size>
    </font>
    <font>
      <name>size17</name>
      <filename>arial.ttf</filename>
      <size>26</size>
    </font>
    <font>
      <name>size18</name>
      <filename>arial.ttf</filename>
      <size>27</size>
    </font>
    <font>
      <name>size19</name>
      <filename>arial.ttf</filename>
      <size>28</size>
    </font>
    <font>
      <name>size20</name>
      <filename>arial.ttf</filename>
      <size>30</size>
    </font>
    <font>
      <name>size22</name>
      <filename>arial.ttf</filename>
      <size>33</size>
    </font>
    <font>
      <name>size22B</name>
      <filename>arial.ttf</filename>
      <size>33</size>
      <style>bold</style>
    </font>
    <font>
      <name>size23</name>
      <filename>arial.ttf</filename>
      <size>34</size>
    </font>
    <font>
      <name>size24</name>
      <filename>arial.ttf</filename>
      <size>36</size>
    </font>
    <font>
      <name>size24B</name>
      <filename>arial.ttf</filename>
      <size>36</size>
      <style>bold</style>
    </font>
    <font>
      <name>size25</name>
      <filename>arial.ttf</filename>
      <size>38</size>
    </font>
    <font>
      <name>size26</name>
      <filename>arial.ttf</filename>
      <size>39</size>
    </font>
    <font>
      <name>size26B</name>
      <filename>arial.ttf</filename>
      <size>39</size>
      <style>bold</style>
    </font>
    <font>
      <name>size28</name>
      <filename>arial.ttf</filename>
      <size>42</size>
    </font>
    <font>
      <name>size28B</name>
      <filename>arial.ttf</filename>
      <size>42</size>
      <style>bold</style>
    </font>
  </fontset>
</fonts>
