<?xml version="1.0" encoding="UTF-8"?>
<includes>
  <!--
	  CUSTOM WINDOWS LIST
		_DVD 1112
		_Watchlist 1113
		_Quit 1114
		_Sources 1115
		_MenuCustomizer 1116
		_ShelfCustomizer 1117
	-->
  <include file="Includes_Variables.xml" />
  <include file="defaults.xml" />
  <include file="CommonViews.xml" />
  <include file="View_50.xml" />
	<include file="View_51.xml" />
	<include file="View_52.xml" />
	<include file="View_53.xml" />
	<include file="View_54.xml" />
	<include file="View_55.xml" />
	<!--<include file="View_56.xml" />-->
	<!--<include file="View_58.xml" />-->
	<include file="View_500.xml" />
	<include file="View_501.xml" />
	<include file="View_502.xml" />
	<include file="View_510.xml" />
  <include file="View_LiveTV.xml" />
  <include file="View_PVR.xml" />
  <include file="Includes_Home.xml" />
  <include file="Includes_Shelf.xml" />
  <include file="Includes_Shelf_Items.xml" />
  <include name="FullBackground">
    <control type="image" description="Fanart">
      <visible>Window.IsActive(MyPics.xml) + !Container.Content(addons)</visible>
      <posx>0</posx>
      <posy>0</posy>
      <width>100%</width>
      <height>100%</height>
      <aspectratio>scale</aspectratio>
      <fadetime>400</fadetime>
      <texture background="true">$INFO[ListItem.Thumb]</texture>
    </control>
		<control type="image" description="Fanart">
      <visible>![Window.IsActive(MyPics.xml) + !Container.Content(addons)]</visible>
			<visible>!Skin.HasSetting(HideFanart)</visible>
      <posx>0</posx>
      <posy>0</posy>
      <width>100%</width>
      <height>100%</height>
      <aspectratio>stretch</aspectratio>
      <fadetime>400</fadetime>
      <texture background="true" fallback="img/BlackDot.png">$INFO[ListItem.Art(fanart)]</texture>
    </control>
    <control type="image" description="BG">
      <posx>0</posx>
      <posy>0</posy>
      <width>100%</width>
      <height>100%</height>
      <aspectratio>stretch</aspectratio>
      <texture>img/BGOverlay.png</texture>
			<colordiffuse>Overlay</colordiffuse>
    </control>
  </include>
  <include name="MiniBackground">
    <control type="image" description="Default BG">
      <posx>0</posx>
      <posy>0</posy>
      <width>1920</width>
      <height>1080</height>
      <texture>img/BlackDot.png</texture>
    </control>
  </include>
  <include name="DimBG">
    <control type="image" description="Default BG">
      <posx>0</posx>
      <posy>0</posy>
      <width>1920</width>
      <height>1080</height>
      <texture>img/BGDiffuse.png</texture>
      <aspectratio>stretch</aspectratio>
    </control>
  </include>
  <include name="VisibleFadeEffect">
    <animation effect="fade" time="200">Visible</animation>
    <animation effect="fade" time="200">Hidden</animation>
  </include>
  <include name="OpenClose">
    <animation effect="fade" time="240">WindowOpen</animation>
    <animation effect="fade" time="240">WindowClose</animation>
  </include>
  <include name="DialogOpenClose">
    <animation type="WindowOpen">
      <effect type="fade" end="100" time="220" />
    </animation>
    <animation type="WindowClose">
      <effect type="fade" end="0" time="120" />
    </animation>
  </include>
  <include name="DialogOpenCloseVisible">
    <animation type="Visible">
      <effect type="fade" end="100" time="220" />
    </animation>
    <animation type="Hidden">
      <effect type="fade" end="0" time="120" />
    </animation>
  </include>
  <include name="Fanart_Fade">
    <fadetime>320</fadetime>
    <animation effect="fade" time="320">Visible</animation>
    <animation effect="fade" time="280">Hidden</animation>
  </include>
  <include name="Icon_Fade">
    <fadetime>200</fadetime>
    <animation effect="fade" time="200">Visible</animation>
    <animation effect="fade" time="100">Hidden</animation>
  </include>
  <include name="HiddenButton">
    <posx>-30</posx>
    <posy>-30</posy>
    <width>1</width>
    <height>1</height>
    <label>-</label>
    <texturenofocus>-</texturenofocus>
    <texturefocus>-</texturefocus>
  </include>
  <include name="Heading">
    <posx>330</posx>
    <posy>0</posy>
    <align>center</align>
    <aligny>center</aligny>
    <width>1260</width>
    <height>75</height>
    <textcolor>HL</textcolor>
    <font>size28</font>
  </include>
  <include name="HeadingR">
    <posx>960</posx>
    <posy>60</posy>
    <width>930</width>
    <height>75</height>
    <align>center</align>
    <aligny>bottom</aligny>
    <textcolor>HL</textcolor>
    <font>size28</font>
  </include>
  <include name="Dimensions_Fullscreen">
    <posx>0</posx>
    <posy>0</posy>
    <width>1920</width>
    <height>1080</height>
  </include>
  <include name="Header">
    <control type="group">
      <visible>![Window.IsActive(home) | Window.IsActive(LoginScreen.xml)]</visible>
      <control type="label" description="Clock other windows">
        <visible>Skin.HasSetting(ShowClock)</visible>
        <right>30</right>
        <posy>3</posy>
        <width>195</width>
        <height>75</height>
        <align>right</align>
        <aligny>center</aligny>
        <font>size19</font>
        <textcolor>Grey</textcolor>
        <label>$INFO[System.Time]</label>
      </control>
      <control type="label" description="Heading">
        <posx>0</posx>
        <posy>0</posy>
        <align>center</align>
        <aligny>center</aligny>
        <width>1920</width>
        <height>75</height>
        <textcolor>HL</textcolor>
        <font>size28</font>
        <label>$VAR[GlobalHeadings]</label>
      </control>
    </control>
  </include>
  <include name="MediaHeader">
    <control type="label" description="Clock other windows">
      <visible>Skin.HasSetting(ShowClock)</visible>
      <right>60</right>
      <posy>26</posy>
      <width>500</width>
      <height>60</height>
      <align>right</align>
      <aligny>center</aligny>
      <font>size22</font>
      <textcolor>Grey3</textcolor>
      <label>$INFO[System.Time]</label>
    </control>
    <!--<control type="grouplist">
      <visible>![Control.IsVisible(53) | Control.IsVisible(55) | Control.IsVisible(56) | Control.IsVisible(57) | Control.IsVisible(58) | Control.IsVisible(59) | Control.IsVisible(500) | Control.IsVisible(510) | Control.IsVisible(501) | Control.IsVisible(502)]</visible>
      <posx>990</posx>
      <posy>60</posy>
      <width>870</width>
      <height>75</height>
      <align>center</align>
      <aligny>bottom</aligny>
      <orientation>horizontal</orientation>
      <control type="label" id="7777" description="Heading">
        <width min="60" max="750">auto</width>
        <height>75</height>
        <font>size28</font>
        <textcolor>HL</textcolor>
        <scroll>false</scroll>
        <label>$VAR[GlobalHeadings]</label>
      </control>
      <control type="label" description="Number of files">
        <visible>!IsEmpty(Control.GetLabel(7777))</visible>
        <width min="60" max="120">auto</width>
        <height>81</height>
        <font>size17</font>
        <textcolor>Grey</textcolor>
        <label>$INFO[Container.NumItems,  ]</label>
      </control>
    </control>-->
    <!--<control type="group">
      <visible>Control.IsVisible(50) | Control.IsVisible(51) | Control.IsVisible(52) | Control.IsVisible(53) | Control.IsVisible(54) | Control.IsVisible(55) | Control.IsVisible(56) | Control.IsVisible(57) | Control.IsVisible(58) | Control.IsVisible(59) | Control.IsVisible(500) | Control.IsVisible(501) | Control.IsVisible(510) | Control.IsVisible(502)</visible>
      <left>60</left>
      <posy>0</posy>
      <control type="label" id="7777" description="Heading">
        <width>1080</width>
        <height>60</height>
        <font>size26</font>
        <textcolor>Grey3</textcolor>
        <scroll>false</scroll>
        <label>$VAR[GlobalHeadings]</label>
      </control>
    </control>-->
    <!--<control type="label" description="Number of files">
        <visible>!IsEmpty(Control.GetLabel(7777))</visible>
        <right>40</right>
		<bottom>0</bottom>
		<width>300</width>
        <height>60</height>
        <font>size17</font>
		<aligny>center</aligny>
		<align>right</align>
        <textcolor>Grey</textcolor>
        <label>$INFO[Container.NumItems,  ]</label>
      </control>-->
    <!--<control type="group" description="Scroll letter">
      <visible>Container.Scrolling</visible>
      <animation effect="fade" start="0" end="100" time="50" delay="0" reversible="false">Visible</animation>
      <animation effect="fade" start="100" end="0" time="150" delay="300" reversible="false">Hidden</animation>
      <control type="image">
        <posx>1388</posx>
        <posy>975</posy>
        <width>81</width>
        <height>81</height>
        <texture border="12">img/SortLetterBG.png</texture>
      </control>
      <control type="label">
        <posx>1388</posx>
        <posy>975</posy>
        <width>81</width>
        <height>81</height>
        <align>center</align>
        <font>size25</font>
        <label>$INFO[ListItem.SortLetter]</label>
      </control>
	</control>-->
    <control type="group" description="Player Info">
			<visible>!Control.HasFocus(301) + Player.HasAudio + ![Window.IsActive(DialogBusy.xml) | Window.IsActive(VideoFullscreen.xml)]</visible>
      <visible>!IntegerGreaterThan(Player.Time,8) | !IntegerGreaterThan(Player.TimeRemaining,8)</visible>
      <include>VisibleFadeEffect</include>
      <posx>15</posx>
      <posy>960</posy>
      <control type="image" description="Playing BG">
        <width>390</width>
        <height>105</height>
        <texture border="14">img/ProgressBG.png</texture>
      </control>
      <control type="group">
        <control type="image">
          <posx>15</posx>
          <posy>15</posy>
          <width>75</width>
          <height>75</height>
          <texture>$INFO[MusicPlayer.Cover]</texture>
          <aspectratio>keep</aspectratio>
        </control>
        <control type="image">
          <posx>15</posx>
          <posy>15</posy>
          <width>75</width>
          <height>75</height>
          <texture>$INFO[VideoPlayer.Cover]</texture>
          <aspectratio>keep</aspectratio>
        </control>
        <control type="label">
          <posx>105</posx>
          <posy>9</posy>
          <aligny>center</aligny>
          <width>261</width>
          <height>36</height>
          <font>size16</font>
          <textcolor>White2</textcolor>
          <label>$INFO[MusicPlayer.Title]</label>
        </control>
        <control type="label">
          <posx>105</posx>
          <posy>36</posy>
          <aligny>center</aligny>
          <width>261</width>
          <height>36</height>
          <font>size14</font>
          <label>$INFO[MusicPlayer.Artist]</label>
        </control>
        <control type="label">
          <posx>105</posx>
          <posy>60</posy>
          <aligny>center</aligny>
          <width>261</width>
          <height>36</height>
          <font>size14</font>
          <label>$INFO[MusicPlayer.Album]</label>
        </control>
        <control type="label">
          <posx>105</posx>
          <posy>9</posy>
          <aligny>center</aligny>
          <width>261</width>
          <height>36</height>
          <font>size16</font>
          <textcolor>White2</textcolor>
          <label>$INFO[VideoPlayer.Title]</label>
        </control>
        <control type="label">
          <posx>105</posx>
          <posy>36</posy>
          <aligny>center</aligny>
          <width>261</width>
          <height>36</height>
          <font>size14</font>
          <label>$INFO[VideoPlayer.Artist]</label>
        </control>
        <control type="label">
          <posx>105</posx>
          <posy>60</posy>
          <aligny>center</aligny>
          <width>261</width>
          <height>36</height>
          <font>size14</font>
          <label>$INFO[VideoPlayer.Album]</label>
        </control>
      </control>
    </control>
  </include>
  <include name="SeekbarIconsCommons">
    <width>45</width>
    <height>45</height>
    <aspectratio aligny="center" align="left">keep</aspectratio>
  </include>
  <include name="SeekbarLabels">
    <posx>0</posx>
    <posy>525</posy>
    <height>75</height>
    <width>1920</width>
    <align>center</align>
    <font>size24B</font>
    <textcolor>White</textcolor>
    <shadowcolor>Black</shadowcolor>
    <animation effect="fade" time="200">VisibleChange</animation>
  </include>
  <include name="ArtworkConstants">
    <posx>0</posx>
    <posy>0</posy>
    <width>1920</width>
    <height>1080</height>
    <timeperimage>10000</timeperimage>
    <fadetime>300</fadetime>
    <randomize>true</randomize>
    <animation effect="fade" time="300">Visible</animation>
    <animation effect="fade" time="300">Hidden</animation>
    <aspectratio>stretch</aspectratio>
  </include>
  <include name="WeatherBackground">
    <control type="multiimage" description="Weather BG">
      <include>ArtworkConstants</include>
      <imagepath fallback="special://skin/backgrounds/Weather.jpg" background="true">$INFO[Skin.String(Weather_Background)]</imagepath>
    </control>
  </include>
  <include name="VideosBackground">
    <control type="image" description="Fanart">
      <visible>![Skin.HasSetting(HideFanart) | Control.IsVisible(56) | Control.IsVisible(54) | Control.IsVisible(53)]</visible>
      <include>ArtworkConstants</include>
      <texture background="true">$INFO[ListItem.Art(fanart)]</texture>
    </control>
  </include>
  <include name="MusicBackground">
    <control type="image" description="Fanart">
      <visible>![Skin.HasSetting(HideFanart) | Control.IsVisible(56) | Control.IsVisible(54) | Control.IsVisible(53)]</visible>
      <include>ArtworkConstants</include>
      <texture background="true">$INFO[ListItem.Art(fanart)]</texture>
    </control>
  </include>
  <include name="AddonsBackground">
    <control type="image" description="Fanart">
      <visible>![Skin.HasSetting(HideFanart) | Control.IsVisible(56) | Control.IsVisible(54) | Control.IsVisible(53)]</visible>
      <include>ArtworkConstants</include>
      <texture background="true">$INFO[ListItem.Art(fanart)]</texture>
    </control>
  </include>
  <include name="PicturesBackground">
    <control type="image" description="Fanart">
      <visible>![Skin.HasSetting(HideFanart) | Control.IsVisible(56) | Control.IsVisible(54) | Control.IsVisible(53)]</visible>
      <include>ArtworkConstants</include>
      <texture background="true">$INFO[ListItem.Art(fanart)]</texture>
    </control>
  </include>
</includes>
