<?xml version="1.0" encoding="UTF-8"?>
<window>
  <defaultcontrol always="true">22</defaultcontrol>
  <controls>
    <include>FullBackground</include>
    <control type="group" description="Content">
      <include>OpenClose</include>
      <control type="label" id="2" description="Header label">
        <include>Heading</include>
        <label>21432</label>
      </control>
      <control type="group">
        <posx>390</posx>
        <posy>15</posy>
        <visible>!Window.IsVisible(smartplaylistrule)</visible>
        <control type="spincontrolex" id="22">
          <description>Set Playlist type</description>
          <posx>15</posx>
          <posy>105</posy>
          <width>1110</width>
          <label>467</label>
          <onright>22</onright>
          <onleft>22</onleft>
          <onup>9001</onup>
          <ondown>12</ondown>
        </control>
        <control type="label">
          <description>Name Label</description>
          <posx>45</posx>
          <posy>174</posy>
          <width>1110</width>
          <label>21433</label>
        </control>
        <control type="edit" id="12">
          <description>Name Button</description>
          <posx>15</posx>
          <posy>246</posy>
          <width>1110</width>
          <height>63</height>
          <font>size22</font>
          <textoffsetx>20</textoffsetx>
          <onup>22</onup>
          <onleft>12</onleft>
          <onright>12</onright>
          <ondown>10</ondown>
        </control>
        <control type="label">
          <description>Find items where</description>
          <posx>45</posx>
          <posy>312</posy>
          <width>1110</width>
          <align>left</align>
          <label>21434</label>
          <height>63</height>
        </control>
        <control type="group">
          <posy>6</posy>
          <control type="panel" id="10">
            <description>Rules List Control</description>
            <posx>15</posx>
            <posy>381</posy>
            <width>840</width>
            <height>210</height>
            <onup>12</onup>
            <onleft>8999</onleft>
            <onright>8999</onright>
            <ondown>16</ondown>
            <itemlayout width="840" height="70">
              <control type="image">
                <posx>0</posx>
                <posy>0</posy>
                <width>840</width>
                <height>63</height>
								<texture border="8">img/SettingsButtonNF.png</texture>
              </control>
              <control type="label">
                <posx>30</posx>
                <posy>0</posy>
                <width>780</width>
                <height>63</height>
                <info>ListItem.Label</info>
              </control>
            </itemlayout>
            <focusedlayout width="840" height="70">
              <control type="image">
                <posx>0</posx>
                <posy>0</posy>
                <width>840</width>
                <height>63</height>
                <texture border="9">img/MediaButton2.png</texture>
              </control>
              <control type="label">
                <posx>30</posx>
                <posy>0</posy>
                <height>63</height>
                <width>780</width>
                <info>ListItem.Label</info>
              </control>
            </focusedlayout>
          </control>
          <control type="group" id="8999">
            <control type="button" id="13">
              <description>Add Rule Button</description>
              <posx>870</posx>
              <posy>381</posy>
              <width>255</width>
              <height>63</height>
							<label>15019</label>
              <onup>17</onup>
              <onleft>10</onleft>
              <onright>10</onright>
              <ondown>14</ondown>
							<align>center</align>
              <texturenofocus border="8">img/SettingsButtonNF.png</texturenofocus>
            </control>
            <control type="button" id="14">
              <description>Remove Rule Button</description>
              <posx>870</posx>
              <posy>451</posy>
              <width>255</width>
              <height>63</height>
							<label>1210</label>
              <onup>13</onup>
              <onleft>10</onleft>
              <onright>10</onright>
              <ondown>15</ondown>
							<align>center</align>
              <texturenofocus border="8">img/SettingsButtonNF.png</texturenofocus>
            </control>
            <control type="button" id="15">
              <description>Edit Rule Button</description>
              <posx>870</posx>
              <posy>521</posy>
              <width>255</width>
              <height>63</height>
							<label>21435</label>
              <onup>14</onup>
              <onleft>10</onleft>
              <onright>10</onright>
              <ondown>16</ondown>
              <align>center</align>
              <texturenofocus border="8">img/SettingsButtonNF.png</texturenofocus>
            </control>
          </control>
          <control type="label">
            <description>Playlist options</description>
            <posx>45</posx>
            <posy>624</posy>
            <width>1110</width>
            <label>31325</label>
          </control>
        </control>
        <control type="group">
          <posy>38</posy>
          <control type="spincontrolex" id="16">
            <posx>15</posx>
            <posy>657</posy>
            <width>1110</width>
            <height>63</height>
						<label>21424</label>
            <onright>16</onright>
            <onleft>16</onleft>
            <onup>10</onup>
            <ondown>17</ondown>
          </control>
          <control type="spincontrolex" id="17">
            <posx>15</posx>
            <posy>735</posy>
            <width>1110</width>
            <height>63</height>
						<label>21427</label>
            <onright>17</onright>
            <onleft>17</onleft>
            <onup>16</onup>
            <ondown>18</ondown>
          </control>
          <control type="spincontrolex" id="18">
            <posx>15</posx>
            <posy>813</posy>
            <width>854</width>
            <height>63</height>
						<label>21429</label>
            <onright>19</onright>
            <onleft>19</onleft>
            <onup>17</onup>
            <ondown>9001</ondown>
          </control>
          <control type="togglebutton" id="19">
            <posx>872</posx>
            <posy>813</posy>
            <width>254</width>
            <height>63</height>
						<label>21431</label>
            <altlabel>21430</altlabel>
            <onright>18</onright>
            <onleft>18</onleft>
            <onup>17</onup>
            <ondown>9001</ondown>
            <align>center</align>
						<texturenofocus border="8">img/SettingsButtonNF.png</texturenofocus>
          </control>
        </control>
        <control type="group" id="9001">
          <posy>45</posy>
          <control type="button" id="20">
            <description>Ok Button</description>
            <posx>248</posx>
            <posy>894</posy>
            <width>300</width>
            <height>63</height>
						<label>186</label>
            <onup>18</onup>
            <onleft>21</onleft>
            <onright>21</onright>
            <ondown>22</ondown>
						<align>center</align>
						<texturenofocus border="8">img/SettingsButtonNF.png</texturenofocus>
          </control>
          <control type="button" id="21">
            <description>Cancel Button</description>
            <posx>592</posx>
            <posy>894</posy>
            <width>300</width>
            <height>63</height>
						<label>222</label>
            <onup>18</onup>
            <onleft>20</onleft>
            <onright>20</onright>
            <ondown>22</ondown>
						<align>center</align>
            <texturenofocus border="8">img/SettingsButtonNF.png</texturenofocus>
          </control>
        </control>
      </control>
    </control>
  </controls>
</window>