<?xml version="1.0" encoding="UTF-8"?>
<window>
  <defaultcontrol always="true">603</defaultcontrol>
  <zorder>2</zorder>
  <controls>
  <control type="group" description="OSDMenu">
      <visible>![Window.IsActive(123) | Window.IsActive(124)]</visible>
      <control type="group">
        <control type="group">
          <posx>154</posx>
          <posy>843</posy>
          <width>1611</width>
          <height>177</height>
          <control type="image" description="OSD BG">
            <visible>!Window.IsActive(dialogseekbar.xml)</visible>
						<posx>0</posx>
            <posy>0</posy>
            <height>180</height>
            <width>1611</width>
            <texture>OSD/OSDBackground.png</texture>
          </control>
          <control type="group" id="100">
            <width>1185</width>
            <posy>90</posy>
            <height>144</height>
            <itemgap>0</itemgap>
            <orientation>horizontal</orientation>
            <control type="button" id="600">
              <posx>476</posx>
              <width>93</width>
              <height>57</height>
              <texturenofocus>OSD/Stop.png</texturenofocus>
              <texturefocus>OSD/StopFocused.png</texturefocus>
              <onup>606</onup>
							<onleft>607</onleft>
              <onright>601</onright>
              <onclick>XBMC.PlayerControl(Stop)</onclick>
            </control>
            <control type="button" id="601">
              <posx>568</posx>
              <width>93</width>
              <height>57</height>
              <texturenofocus>OSD/SkipBack.png</texturenofocus>
              <texturefocus>OSD/SkipBackFocused.png</texturefocus>
              <onup>606</onup>
							<onleft>600</onleft>
              <onright>602</onright>
              <onclick>XBMC.PlayerControl(Previous)</onclick>
            </control>
            <control type="button" id="602">
              <posx>662</posx>
              <width>93</width>
              <height>57</height>
              <texturenofocus>OSD/Rewind.png</texturenofocus>
              <texturefocus>OSD/RewindFocused.png</texturefocus>
              <onleft>601</onleft>
              <onright>603</onright>
              <onup>606</onup>
							<onclick>XBMC.PlayerControl(Rewind)</onclick>
            </control>
            <control type="togglebutton" id="603">
              <posx>754</posx>
              <width>93</width>
              <height>57</height>
              <texturenofocus>OSD/Play.png</texturenofocus>
              <texturefocus>OSD/PlayFocused.png</texturefocus>
              <usealttexture>Player.Playing</usealttexture>
              <alttexturenofocus>OSD/Pause.png</alttexturenofocus>
              <alttexturefocus>OSD/PauseFocused.png</alttexturefocus>
              <onleft>602</onleft>
              <onright>604</onright>
              <onup>606</onup>
							<onclick>XBMC.PlayerControl(Play)</onclick>
            </control>
            <control type="button" id="604">
              <posx>848</posx>
              <width>93</width>
              <height>57</height>
              <texturenofocus>OSD/FastForward.png</texturenofocus>
              <texturefocus>OSD/FastForwardFocused.png</texturefocus>
              <onleft>603</onleft>
              <onright>605</onright>
              <onup>606</onup>
							<onclick>XBMC.PlayerControl(Forward)</onclick>
            </control>
            <control type="button" id="605">
              <posx>940</posx>
              <width>93</width>
              <height>57</height>
              <texturenofocus>OSD/SkipForward.png</texturenofocus>
              <texturefocus>OSD/SkipForwardFocused.png</texturefocus>
              <onleft>604</onleft>
              <onright>606</onright>
              <onup>606</onup>
							<onclick>XBMC.PlayerControl(Next)</onclick>
            </control>
            <control type="button" id="606">
              <posx>1034</posx>
              <width>93</width>
              <height>57</height>
              <texturenofocus>OSD/DVD.png</texturenofocus>
              <texturefocus>OSD/DVDFocused.png</texturefocus>
              <onleft>605</onleft>
              <onright>607</onright>
							<onup>606</onup>
              <onclick allowhiddenfocus="true">Control.SetFocus(101)</onclick>
            </control>
            <!--<control type="button" id="607">
              <posx>1414</posx>
              <posy>1</posy>
              <width>93</width>
              <height>57</height>
              <texturenofocus>OSD/AudioSettings.png</texturenofocus>
              <texturefocus>OSD/AudioSettingsFocused.png</texturefocus>
              <onup>2016</onup>
              <ondown>2016</ondown>
              <onleft>1015</onleft>
              <onright>1017</onright>
              <onclick>XBMC.ActivateWindow(124)</onclick>
            </control>-->
            <!--<control type="button" id="607">
              <posx>1470</posx>
              <posy>-19</posy>
              <width>90</width>
          		<height>98</height>
		      		<texturefocus colordiffuse="White2">VideoOSD/OSDOptionsFO.png</texturefocus>
          		<texturenofocus colordiffuse="White2">VideoOSD/OSDOptionsNF.png</texturenofocus>
		  		    <onleft>606</onleft>
              <onright>600</onright>
              <onclick allowhiddenfocus="true">Control.SetFocus(101)</onclick>
			</control>-->
          </control>
          <!--<control type="group" id="214">
            <width>1185</width>
            <posy>24</posy>
            <height>144</height>
            <itemgap>0</itemgap>
            <orientation>horizontal</orientation>
            <visible allowhiddenfocus="true">[Control.HasFocus(2009) | Control.HasFocus(2010) | Control.HasFocus(2011) | Control.HasFocus(2012) | Control.HasFocus(2013) | Control.HasFocus(2014) | Control.HasFocus(2015) | Control.HasFocus(2016) | Control.HasFocus(2017)]</visible>
            <control type="button" id="2009">
              <posx>476</posx>
              <width>93</width>
              <height>57</height>
              <texturenofocus>OSD/Stop.png</texturenofocus>
              <texturefocus>OSD/StopFocused.png</texturefocus>
              <onup>1009</onup>
              <ondown>1009</ondown>
              <onleft>2017</onleft>
              <onright>2010</onright>
              <onclick>XBMC.PlayerControl(Stop)</onclick>
            </control>
            <control type="button" id="2010">
              <posx>568</posx>
              <width>93</width>
              <height>57</height>
              <texturenofocus>OSD/SkipBack.png</texturenofocus>
              <texturefocus>OSD/SkipBackFocused.png</texturefocus>
              <onup>1010</onup>
              <ondown>1010</ondown>
              <onleft>2009</onleft>
              <onright>2011</onright>
              <onclick>XBMC.PlayerControl(Previous)</onclick>
            </control>
            <control type="button" id="2011">
              <posx>662</posx>
              <width>93</width>
              <height>57</height>
              <texturenofocus>OSD/Rewind.png</texturenofocus>
              <texturefocus>OSD/RewindFocused.png</texturefocus>
              <onup>1011</onup>
              <ondown>1011</ondown>
              <onleft>2010</onleft>
              <onright>2012</onright>
              <onclick>XBMC.PlayerControl(Rewind)</onclick>
            </control>
            <control type="togglebutton" id="2012">
              <posx>754</posx>
              <width>93</width>
              <height>57</height>
              <texturenofocus>OSD/Play.png</texturenofocus>
              <texturefocus>OSD/PlayFocused.png</texturefocus>
              <usealttexture>Player.Playing</usealttexture>
              <alttexturenofocus>OSD/Pause.png</alttexturenofocus>
              <alttexturefocus>OSD/PauseFocused.png</alttexturefocus>
              <onup>1012</onup>
              <ondown>1012</ondown>
              <onleft>2011</onleft>
              <onright>2013</onright>
              <onclick>XBMC.PlayerControl(Play)</onclick>
            </control>
            <control type="button" id="2013">
              <posx>848</posx>
              <width>93</width>
              <height>57</height>
              <texturenofocus>OSD/FastForward.png</texturenofocus>
              <texturefocus>OSD/FastForwardFocused.png</texturefocus>
              <onup>1013</onup>
              <ondown>1013</ondown>
              <onleft>2012</onleft>
              <onright>2014</onright>
              <onclick>XBMC.PlayerControl(Forward)</onclick>
            </control>
            <control type="button" id="2014">
              <posx>940</posx>
              <width>93</width>
              <height>57</height>
              <texturenofocus>OSD/SkipForward.png</texturenofocus>
              <texturefocus>OSD/SkipForwardFocused.png</texturefocus>
              <onup>1014</onup>
              <ondown>1014</ondown>
              <onleft>2013</onleft>
              <onright>2015</onright>
              <onclick>XBMC.PlayerControl(Next)</onclick>
            </control>
            <control type="button" id="2015">
              <posx>1034</posx>
              <width>93</width>
              <height>57</height>
              <texturenofocus>OSD/DVD.png</texturenofocus>
              <texturefocus>OSD/DVDFocused.png</texturefocus>
              <onup>1015</onup>
              <ondown>1015</ondown>
              <onleft>2014</onleft>
              <onright>2016</onright>
              <onclick>XBMC.PlayerControl(ShowVideoMenu)</onclick>
              <visible>VideoPlayer.HasMenu</visible>
            </control>
            <control type="button" id="2016">
              <posx>1414</posx>
              <posy>1</posy>
              <width>93</width>
              <height>57</height>
              <texturenofocus>OSD/AudioSettings.png</texturenofocus>
              <texturefocus>OSD/AudioSettingsFocused.png</texturefocus>
              <onup>1016</onup>
              <ondown>1016</ondown>
              <onleft>2015</onleft>
              <onright>2017</onright>
              <onclick>XBMC.ActivateWindow(124)</onclick>
            </control>
            <control type="button" id="2017">
              <posx>1490</posx>
              <posy>1</posy>
              <width>93</width>
              <height>57</height>
              <texturenofocus>OSD/VideoSettings.png</texturenofocus>
              <texturefocus>OSD/VideoSettingsFocused.png</texturefocus>
              <onup>1017</onup>
              <ondown>1017</ondown>
              <onleft>2016</onleft>
              <onright>2009</onright>
              <onclick>XBMC.ActivateWindow(123)</onclick>
            </control>
          </control>-->
          <!--<control type="image">
            <posx>1034</posx>
            <posy>24</posy>
            <texture>OSD/DVDDisabled.png</texture>
            <width>93</width>
            <height>57</height>
            <visible>!VideoPlayer.HasMenu</visible>
          </control>-->
          <control type="grouplist">
            <posx>56</posx>
            <posy>46</posy>
            <width>300</width>
            <align>left</align>
            <itemgap>15</itemgap>
            <orientation>horizontal</orientation>
            <control type="label">
              <width>39</width>
              <label>-</label>
              <visible>player.rewinding</visible>
            </control>
            <control type="label">
              <width min="0" max="60">auto</width>
              <height>18</height>
              <font>osd</font>
              <textcolor>Shadow</textcolor>
              <label>2X</label>
              <visible>player.forwarding2x</visible>
            </control>
            <control type="label">
              <width min="0" max="60">auto</width>
              <height>18</height>
              <font>osd</font>
              <textcolor>Shadow</textcolor>
              <label>2X</label>
              <visible>player.rewinding2x</visible>
            </control>
            <control type="label">
              <width min="0" max="60">auto</width>
              <height>18</height>
              <font>osd</font>
              <textcolor>Shadow</textcolor>
              <label>4X</label>
              <visible>player.forwarding4x</visible>
            </control>
            <control type="label">
              <width min="0" max="60">auto</width>
              <height>18</height>
              <font>osd</font>
              <textcolor>Shadow</textcolor>
              <label>4X</label>
              <visible>player.rewinding4x</visible>
            </control>
            <control type="label">
              <width min="0" max="60">auto</width>
              <height>18</height>
              <font>osd</font>
              <textcolor>Shadow</textcolor>
              <label>8X</label>
              <visible>player.forwarding8x</visible>
            </control>
            <control type="label">
              <width min="0" max="60">auto</width>
              <height>18</height>
              <font>osd</font>
              <textcolor>Shadow</textcolor>
              <label>8X</label>
              <visible>player.rewinding8x</visible>
            </control>
            <control type="label">
              <width min="0" max="60">auto</width>
              <height>18</height>
              <font>osd</font>
              <textcolor>Shadow</textcolor>
              <label>16X</label>
              <visible>player.forwarding16x</visible>
            </control>
            <control type="label">
              <width min="0" max="60">auto</width>
              <height>18</height>
              <font>osd</font>
              <textcolor>Shadow</textcolor>
              <label>16X</label>
              <visible>player.rewinding16x</visible>
            </control>
            <control type="label">
              <width min="0" max="60">auto</width>
              <height>18</height>
              <font>osd</font>
              <textcolor>Shadow</textcolor>
              <label>32X</label>
              <visible>player.forwarding32x</visible>
            </control>
            <control type="label">
              <width min="0" max="60">auto</width>
              <height>18</height>
              <font>osd</font>
              <textcolor>Shadow</textcolor>
              <label>32X</label>
              <visible>player.rewinding32x</visible>
            </control>
            <control type="label">
              <width>39</width>
              <label>-</label>
              <visible>player.forwarding</visible>
            </control>
          </control>
          <control type="grouplist">
            <posx>56</posx>
            <posy>44</posy>
            <width>300</width>
            <align>left</align>
            <itemgap>15</itemgap>
            <orientation>horizontal</orientation>
            <control type="image">
              <texture flipx="true">OSD/PlayerSpeed.png</texture>
              <width>39</width>
              <height>24</height>
              <visible>player.rewinding</visible>
            </control>
            <control type="label">
              <width min="0" max="60">auto</width>
              <height>18</height>
              <font>osd</font>
              <textcolor>Gray</textcolor>
              <label>2X</label>
              <visible>player.forwarding2x</visible>
            </control>
            <control type="label">
              <width min="0" max="60">auto</width>
              <height>18</height>
              <font>osd</font>
              <textcolor>Gray</textcolor>
              <label>2X</label>
              <visible>player.rewinding2x</visible>
            </control>
            <control type="label">
              <width min="0" max="60">auto</width>
              <height>18</height>
              <font>osd</font>
              <textcolor>Gray</textcolor>
              <label>4X</label>
              <visible>player.forwarding4x</visible>
            </control>
            <control type="label">
              <width min="0" max="60">auto</width>
              <height>18</height>
              <font>osd</font>
              <textcolor>Gray</textcolor>
              <label>4X</label>
              <visible>player.rewinding4x</visible>
            </control>
            <control type="label">
              <width min="0" max="60">auto</width>
              <height>18</height>
              <font>osd</font>
              <textcolor>Gray</textcolor>
              <label>8X</label>
              <visible>player.forwarding8x</visible>
            </control>
            <control type="label">
              <width min="0" max="60">auto</width>
              <height>18</height>
              <font>osd</font>
              <textcolor>Gray</textcolor>
              <label>8X</label>
              <visible>player.rewinding8x</visible>
            </control>
            <control type="label">
              <width min="0" max="60">auto</width>
              <height>18</height>
              <font>osd</font>
              <textcolor>Gray</textcolor>
              <label>16X</label>
              <visible>player.forwarding16x</visible>
            </control>
            <control type="label">
              <width min="0" max="60">auto</width>
              <height>18</height>
              <font>osd</font>
              <textcolor>Gray</textcolor>
              <label>16X</label>
              <visible>player.rewinding16x</visible>
            </control>
            <control type="label">
              <width min="0" max="60">auto</width>
              <height>18</height>
              <font>osd</font>
              <textcolor>Gray</textcolor>
              <label>32X</label>
              <visible>player.forwarding32x</visible>
            </control>
            <control type="label">
              <width min="0" max="60">auto</width>
              <height>18</height>
              <font>osd</font>
              <textcolor>Gray</textcolor>
              <label>32X</label>
              <visible>player.rewinding32x</visible>
            </control>
            <control type="image">
              <texture>OSD/PlayerSpeed.png</texture>
              <width>39</width>
              <height>24</height>
              <visible>player.forwarding</visible>
            </control>
          </control>
          <!--<control type="progress" id="23">
            <description>Progressbar</description>
            <posx>200</posx>
            <posy>99</posy>
            <width>1203</width>
            <height>24</height>
            <info>Player.Progress</info>
            <visible>true</visible>
          </control>-->
          <!--<control type="label">
            <posx>-8</posx>
            <posy>99</posy>
            <width>240</width>
            <height>24</height>
            <font>info1</font>
            <align>center</align>
            <textcolor>Shadow</textcolor>
            <label>$INFO[VideoPlayer.Time]</label>
          </control>
          <control type="label">
            <posx>-8</posx>
            <posy>96</posy>
            <width>240</width>
            <height>24</height>
            <font>info1</font>
            <align>center</align>
            <textcolor>White</textcolor>
            <label>$INFO[VideoPlayer.Time]</label>
          </control>
          <control type="label">
            <posx>1374</posx>
            <posy>99</posy>
            <width>240</width>
            <height>24</height>
            <font>info1</font>
            <align>center</align>
            <textcolor>Shadow</textcolor>
            <label>-$INFO[VideoPlayer.TimeRemaining]</label>
            <visible>!IsEmpty(VideoPlayer.TimeRemaining)</visible>
          </control>-->
          <!--<control type="label">
            <posx>1374</posx>
            <posy>96</posy>
            <width>240</width>
            <height>24</height>
            <font>info1</font>
            <align>center</align>
            <textcolor>White</textcolor>
            <label>-$INFO[VideoPlayer.TimeRemaining]</label>
            <visible>!IsEmpty(VideoPlayer.TimeRemaining)</visible>
          </control>-->
        </control>
      </control>
			<control type="group" description="Options content">
        <visible allowhiddenfocus="true">ControlGroup(101).HasFocus() | Control.HasFocus(701) | Control.HasFocus(702) | Control.HasFocus(703) | Control.HasFocus(704) | Control.HasFocus(705) | Control.HasFocus(706) | Control.HasFocus(707) | Control.HasFocus(708) | Control.HasFocus(709)</visible>
        <animation type="Visible">
          <effect type="fade" start="0" end="100" time="240" />
          <effect type="zoom" tween="cubic" easing="out" start="30" end="100" center="auto" time="240" />
        </animation>
        <animation type="Hidden">
          <effect type="fade" start="100" end="0" time="140" />
          <effect type="zoom" tween="cubic" easing="in" start="100" end="30" center="auto" time="140" />
        </animation>
        <control type="image">
          <visible>ControlGroup(101).HasFocus()</visible>
          <centerleft>960</centerleft>
        <centertop>540</centertop>
        <width>930</width>
        <height>630</height>
        <texture border="128">img/DialogPanel.png</texture>
        </control>
		<control type="grouplist" id="101" description="Video OSD Options">
          <visible allowhiddenfocus="true">ControlGroup(101).HasFocus() | Control.HasFocus(701) | Control.HasFocus(702) | Control.HasFocus(703) | Control.HasFocus(704) | Control.HasFocus(705) | Control.HasFocus(706) | Control.HasFocus(707) | Control.HasFocus(708) | Control.HasFocus(709)</visible>
          <animation type="Visible">
            <effect type="fade" start="0" end="100" time="240" />
            <effect type="zoom" tween="cubic" easing="out" start="30" end="100" center="auto" time="240" />
          </animation>
          <animation type="Hidden">
            <effect type="fade" start="100" end="0" time="140" />
            <effect type="zoom" tween="cubic" easing="in" start="100" end="30" center="auto" time="140" />
          </animation>
          <centerleft>960</centerleft>
          <centertop>540</centertop>
          <width>576</width>
          <height>300</height>
          <itemgap>0</itemgap>
          <onleft>602</onleft>
          <onright>602</onright>
          <onup>101</onup>
          <ondown>101</ondown>
          <itemgap>0</itemgap>
          <scrolltime>240</scrolltime>
          <control type="button" id="701" description="Subtitles">
            <visible>!VideoPlayer.Content(LiveTV)</visible>
            <include>9000Buttons</include>
            <label>31356</label>
            <onclick>SetFocus(602)</onclick>
            <onclick>Close</onclick>
            <onclick>ActivateWindow(SubtitleSearch)</onclick>
          </control>
          <!--<control type="togglebutton" id="702" description="Record">
            <visible>VideoPlayer.Content(LiveTV)</visible>
            <enable>Player.CanRecord</enable>
            <include>9000Buttons</include>
            <label>264</label>
            <altlabel>265</altlabel>
            <onclick>PlayerControl(Record)</onclick>
            <animation effect="fade" start="100" end="50" time="100" condition="!Player.CanRecord">Conditional</animation>
          </control>-->
          <control type="button" id="703">
            <include>9000Buttons</include>
            <label>13395</label>
            <onclick>ActivateWindow(OSDVideoSettings)</onclick>
          </control>
          <control type="button" id="704">
            <include>9000Buttons</include>
            <label>$LOCALIZE[292] $LOCALIZE[1397] $LOCALIZE[287]</label>
            <onclick>ActivateWindow(OSDAudioSettings)</onclick>
          </control>
          <!--<control type="button" id="705">
            <visible>!VideoPlayer.Content(LiveTV)</visible>
            <include>9000Buttons</include>
            <label>298</label>
            <onclick>ActivateWindow(VideoBookmarks)</onclick>
          </control>-->
          <!--<control type="togglebutton" id="706" description="Info">
            <include>9000Buttons</include>
            <label>20159</label>
            <onclick>close</onclick>
            <onclick>ActivateWindow(142)</onclick>
            <altclick>close</altclick>
            <altclick>Dialog.Close(142)</altclick>
            <usealttexture>Window.IsActive(142)</usealttexture>
          </control>-->
          <control type="button" id="707">
            <include>9000Buttons</include>
            <label>21445</label>
            <onclick>CodecInfo</onclick>
          </control>
          <!--<control type="button" id="708">
            <visible>!VideoPlayer.Content(LiveTV)</visible>
            <include>9000Buttons</include>
            <label>31355</label>
            <onclick>PlayerControl(ShowVideoMenu)</onclick>
            <enable>VideoPlayer.HasMenu</enable>
            <animation effect="fade" start="100" end="50" time="100" condition="!VideoPlayer.HasMenu">Conditional</animation>
          </control>-->
          <!--<control type="button" id="709" description="Teletext">
            <visible>VideoPlayer.Content(LiveTV)</visible>
            <include>9000Buttons</include>
            <label>23050</label>
            <onclick>Dialog.Close(VideoOSD)</onclick>
            <onclick>ActivateWindow(Teletext)</onclick>
          </control>-->
        </control>
		</control>
    </control>
	
    <control type="group" description="MediaInfo">
      <visible>ControlGroup(214).Hasfocus + ![Window.IsActive(123) | Window.IsActive(124)]</visible>
      <control type="image" id="1">
        <posx>165</posx>
        <posy>74</posy>
        <height>423</height>
        <width>1593</width>
        <texture>OSD/MediaInfoBackground.png</texture>
        <visible>VideoPlayer.Content(movies) | VideoPlayer.Content(episodes)</visible>
      </control>
      <control type="image">
        <posx>214</posx>
        <posy>438</posy>
        <width>213</width>
        <height>315</height>
        <texture diffuse="OSD/osd_reflection_poster.png" flipy="true">$INFO[VideoPlayer.Cover]</texture>
        <aspectratio scalediffuse="false">scale</aspectratio>
        <visible>VideoPlayer.Content(movies)</visible>
      </control>
      <control type="image">
        <posx>214</posx>
        <posy>123</posy>
        <width>213</width>
        <height>315</height>
        <texture diffuse="OSD/osd_diffuse_poster.png">$INFO[VideoPlayer.Cover]</texture>
        <aspectratio scalediffuse="false">scale</aspectratio>
        <bordertexture>OSD/osd_border_poster.png</bordertexture>
        <visible>VideoPlayer.Content(movies)</visible>
      </control>
      <control type="image">
        <posx>214</posx>
        <posy>438</posy>
        <width>315</width>
        <height>315</height>
        <texture diffuse="OSD/osd_reflection_square.png" flipy="true">$INFO[VideoPlayer.Cover]</texture>
        <aspectratio scalediffuse="false">scale</aspectratio>
        <visible>[VideoPlayer.Content(episodes)]</visible>
      </control>
      <control type="image">
        <posx>214</posx>
        <posy>123</posy>
        <width>315</width>
        <height>315</height>
        <texture diffuse="OSD/osd_diffuse_square.png">$INFO[VideoPlayer.Cover]</texture>
        <aspectratio scalediffuse="false">scale</aspectratio>
        <bordertexture>OSD/osd_border_square.png</bordertexture>
        <visible>[VideoPlayer.Content(episodes)]</visible>
      </control>
      <control type="group" id="1">
        <posx>231</posx>
        <posy>111</posy>
        <visible>VideoPlayer.Content(movies)</visible>
        <control type="label" id="1">
          <width>1245</width>
          <posx>225</posx>
          <label>$INFO[VideoPlayer.Title]</label>
          <align>left</align>
          <textcolor>Orange</textcolor>
          <font>title1</font>
        </control>
        <control type="label" id="1">
          <posy>39</posy>
          <width>1245</width>
          <posx>225</posx>
          <align>left</align>
          <label>$INFO[VideoPlayer.Year]</label>
          <textcolor>DarkGray</textcolor>
          <font>info1</font>
          <visible>VideoPlayer.Content(movies)</visible>
        </control>
        <control type="label" id="1">
          <posy>39</posy>
          <width>1245</width>
          <posx>225</posx>
          <align>left</align>
          <label>$INFO[VideoPlayer.TVShowTitle], $LOCALIZE[31003] $INFO[VideoPlayer.Season], $LOCALIZE[31001] $INFO[VideoPlayer.Episode]</label>
          <textcolor>DarkGray</textcolor>
          <font>info1</font>
          <visible>VideoPlayer.Content(episodes)</visible>
        </control>
        <control type="textbox" id="8">
          <posy>90</posy>
          <posx>225</posx>
          <width>1245</width>
          <height>225</height>
          <align>justify</align>
          <label>$INFO[VideoPlayer.PlotOutline]</label>
          <textcolor>Gray</textcolor>
          <font>plot1</font>
          <autoscroll delay="5000" time="1500" repeat="10000">!Control.HasFocus(13)</autoscroll>
        </control>
      </control>
      <control type="group" id="1">
        <posx>332</posx>
        <posy>111</posy>
        <visible>VideoPlayer.Content(episodes)</visible>
        <control type="label" id="1">
          <width>1144</width>
          <posx>225</posx>
          <label>$INFO[VideoPlayer.Episode]. $INFO[VideoPlayer.Title]</label>
          <align>left</align>
          <textcolor>Orange</textcolor>
          <font>title1</font>
        </control>
        <control type="label" id="1">
          <posy>39</posy>
          <width>1245</width>
          <posx>225</posx>
          <align>left</align>
          <label>$INFO[VideoPlayer.Year]</label>
          <textcolor>DarkGray</textcolor>
          <font>info1</font>
          <visible>VideoPlayer.Content(movies)</visible>
        </control>
        <control type="label" id="1">
          <posy>39</posy>
          <width>1144</width>
          <posx>225</posx>
          <align>left</align>
          <label>$INFO[VideoPlayer.TVShowTitle], $LOCALIZE[31003] $INFO[VideoPlayer.Season]</label>
          <textcolor>DarkGray</textcolor>
          <font>info1</font>
          <visible>VideoPlayer.Content(episodes)</visible>
        </control>
        <control type="textbox" id="8">
          <posy>90</posy>
          <posx>225</posx>
          <width>1144</width>
          <height>225</height>
          <align>justify</align>
          <label>$INFO[VideoPlayer.PlotOutline]</label>
          <textcolor>Gray</textcolor>
          <font>plot1</font>
          <autoscroll delay="5000" time="1500" repeat="10000">!Control.HasFocus(13)</autoscroll>
        </control>
      </control>
    </control>
  </controls>
  <!--<controls>
    <control type="group">
      <visible>![Window.IsActive(DialogSelect.xml) | Window.IsActive(SliderDialog) | Window.IsActive(OSDVideoSettings) | Window.IsActive(OSDAudioSettings) | Window.IsActive(VideoBookmarks) | Window.IsActive(script-XBMC-Subtitles-main.xml)]</visible>
      <animation effect="fade" end="100" time="400">Visible</animation>
      <animation effect="fade" end="0" time="100">Hidden</animation>
      <posx>0</posx>
      <posy>0</posy>
      <control type="group">
        <control type="group" description="Dialog Background">
          <visible>Window.IsVisible(videoosd.xml) + !Window.IsActive(dialogseekbar.xml)</visible>
          <animation type="Conditional" condition="Window.IsActive(videoosd.xml)">
            <effect type="slide" start="0,0" end="0,-68" time="400" tween="cubic" easing="inout" reversible="true" />
          </animation>
          <control type="image">
            <posx>0</posx>
            <posy>975</posy>
            <width>1920</width>
            <height>225</height>
            <aspectratio>stretch</aspectratio>
            <texture>VideoOSD/OSDBackground2.png</texture>
          </control>
        </control>
        <control type="label" description="Title">
          <posx>60</posx>
          <posy>951</posy>
          <height>60</height>
          <width>540</width>
          <scroll>false</scroll>
          <font>size18</font>
          <shadowcolor>Black</shadowcolor>
          <label>$INFO[VideoPlayer.Title]</label>
        </control>
		<control type="label" description="Title">
          <animation type="Conditional" condition="IsEmpty(VideoPlayer.SubtitlesLanguage)">
            <effect type="slide" start="0,0" end="0,15" time="0" reversible="true" />
          </animation>
		  <posx>1700</posx>
          <posy>951</posy>
          <height>30</height>
          <width>540</width>
          <scroll>false</scroll>
          <font>size14</font>
		  <align>right</align>
          <label>$INFO[VideoPlayer.AudioLanguage, $LOCALIZE[292]: ]</label>
        </control>
		<control type="label" description="Title">
          <animation type="Conditional" condition="IsEmpty(VideoPlayer.AudioLanguage)">
            <effect type="slide" start="0,0" end="0,-20" time="0" reversible="true" />
          </animation>
		  <posx>1700</posx>
          <posy>981</posy>
          <height>30</height>
          <width>540</width>
          <scroll>false</scroll>
          <font>size14</font>
		  <align>right</align>
          <label>$INFO[VideoPlayer.SubtitlesLanguage, $LOCALIZE[287]: ]</label>
        </control>
      </control>
      <control type="group" id="100">
        <visible>!VideoPlayer.Content(LiveTV)</visible>
        <posx>723</posx>
        <posy>150r</posy>
        <onup>609</onup>
        <ondown>609</ondown>
        <defaultcontrol always="true">602</defaultcontrol>
        <control type="button" id="600">
          <posx>0</posx>
          <posy>0</posy>
          <width>90</width>
          <height>98</height>
          <label>210</label>
          <font>-</font>
          <texturefocus>VideoOSD/OSDPreviousFO.png</texturefocus>
          <texturenofocus>VideoOSD/OSDPreviousNF.png</texturenofocus>
          <onleft>609</onleft>
          <onright>601</onright>
          <onup>609</onup>
          <ondown>609</ondown>
          <onclick>PlayerControl(Previous)</onclick>
        </control>
        <control type="button" id="601">
          <posx>75</posx>
          <posy>0</posy>
          <width>90</width>
          <height>98</height>
          <label>31354</label>
          <font>-</font>
          <texturefocus>VideoOSD/OSDRWFO.png</texturefocus>
          <texturenofocus>VideoOSD/OSDRWNF.png</texturenofocus>
          <onleft>600</onleft>
          <onright>602</onright>
          <onup>609</onup>
          <ondown>609</ondown>
          <onclick>PlayerControl(Rewind)</onclick>
        </control>
        <control type="togglebutton" id="602">
          <posx>156</posx>
          <posy>0</posy>
          <width>90</width>
          <height>98</height>
          <label>31351</label>
          <altlabel>208</altlabel>
          <font>-</font>
          <texturefocus>VideoOSD/OSDPauseFO.png</texturefocus>
          <texturenofocus>VideoOSD/OSDPauseNF.png</texturenofocus>
          <usealttexture>Player.Paused | Player.Forwarding | Player.Rewinding</usealttexture>
          <alttexturefocus>VideoOSD/OSDPlayFO.png</alttexturefocus>
          <alttexturenofocus>VideoOSD/OSDPlayNF.png</alttexturenofocus>
          <onleft>601</onleft>
          <onright>603</onright>
          <onup>609</onup>
          <ondown>609</ondown>
          <onclick>PlayerControl(Play)</onclick>
        </control>
        <control type="button" id="603">
          <posx>225</posx>
          <posy>0</posy>
          <width>90</width>
          <height>98</height>
          <label>31352</label>
          <font>-</font>
          <texturefocus>VideoOSD/OSDStopFO.png</texturefocus>
          <texturenofocus>VideoOSD/OSDStopNF.png</texturenofocus>
          <onleft>602</onleft>
          <onright>604</onright>
          <onup>609</onup>
          <ondown>609</ondown>
          <onclick>PlayerControl(Stop)</onclick>
        </control>
        <control type="button" id="604">
          <posx>300</posx>
          <posy>0</posy>
          <width>90</width>
          <height>98</height>
          <label>31353</label>
          <font>-</font>
          <texturefocus>VideoOSD/OSDFWFO.png</texturefocus>
          <texturenofocus>VideoOSD/OSDFWNF.png</texturenofocus>
          <onleft>603</onleft>
          <onright>605</onright>
          <onup>609</onup>
          <ondown>609</ondown>
          <onclick>PlayerControl(Forward)</onclick>
        </control>
        <control type="button" id="605">
          <posx>375</posx>
          <posy>0</posy>
          <width>90</width>
          <height>98</height>
          <label>209</label>
          <font>-</font>
          <texturefocus>VideoOSD/OSDNextFO.png</texturefocus>
          <texturenofocus>VideoOSD/OSDNextNF.png</texturenofocus>
          <onleft>604</onleft>
          <onright>609</onright>
          <onup>609</onup>
          <ondown>609</ondown>
          <onclick>PlayerControl(Next)</onclick>
        </control>
        <control type="button" id="609">
          <posx>1056</posx>
          <posy>0</posy>
          <width>90</width>
          <height>98</height>
          <label>33063</label>
          <font>-</font>
          <texturefocus>VideoOSD/OSDOptionsFO.png</texturefocus>
          <texturenofocus>VideoOSD/OSDOptionsNF.png</texturenofocus>
          <onleft>605</onleft>
          <onright>600</onright>
          <onup>605</onup>
          <ondown>605</ondown>
          <onclick allowhiddenfocus="true">Control.SetFocus(701)</onclick>
        </control>
      </control>
      <control type="group" id="100">
        <visible>VideoPlayer.Content(LiveTV)</visible>
        <posx>723</posx>
        <posy>150r</posy>
        <onup>609</onup>
        <ondown>609</ondown>
        <defaultcontrol always="true">602</defaultcontrol>
        <control type="button" id="600">
          <posx>0</posx>
          <posy>0</posy>
          <width>90</width>
          <height>98</height>
          <label>210</label>
          <font>-</font>
          <texturefocus>VideoOSD/OSDChannelDownFO.png</texturefocus>
          <texturenofocus>VideoOSD/OSDChannelDownNF.png</texturenofocus>
          <onleft>609</onleft>
          <onright>601</onright>
          <onup>609</onup>
          <ondown>609</ondown>
          <onclick>PlayerControl(Previous)</onclick>
        </control>
        <control type="button" id="601">
          <posx>75</posx>
          <posy>0</posy>
          <width>90</width>
          <height>98</height>
          <label>31354</label>
          <font>-</font>
          <texturefocus>VideoOSD/OSDChannelUpFO.png</texturefocus>
          <texturenofocus>VideoOSD/OSDChannelUpNF.png</texturenofocus>
          <onleft>600</onleft>
          <onright>602</onright>
          <onup>609</onup>
          <ondown>609</ondown>
          <onclick>PlayerControl(Next)</onclick>
        </control>
        <control type="togglebutton" id="602">
          <posx>156</posx>
          <posy>0</posy>
          <width>90</width>
          <height>98</height>
          <label>31351</label>
          <altlabel>208</altlabel>
          <font>-</font>
          <texturefocus>VideoOSD/OSDPauseFO.png</texturefocus>
          <texturenofocus>VideoOSD/OSDPauseNF.png</texturenofocus>
          <usealttexture>Player.Paused | Player.Forwarding | Player.Rewinding</usealttexture>
          <alttexturefocus>VideoOSD/OSDPlayFO.png</alttexturefocus>
          <alttexturenofocus>VideoOSD/OSDPlayNF.png</alttexturenofocus>
          <onleft>601</onleft>
          <onright>603</onright>
          <onup>609</onup>
          <ondown>609</ondown>
          <onclick>PlayerControl(Play)</onclick>
        </control>
        <control type="button" id="603">
          <posx>225</posx>
          <posy>0</posy>
          <width>90</width>
          <height>98</height>
          <label>31352</label>
          <font>-</font>
          <texturefocus>VideoOSD/OSDStopFO.png</texturefocus>
          <texturenofocus>VideoOSD/OSDStopNF.png</texturenofocus>
          <onleft>602</onleft>
          <onright>604</onright>
          <onup>609</onup>
          <ondown>609</ondown>
          <onclick>PlayerControl(Stop)</onclick>
        </control>
        <control type="button" id="604">
          <posx>300</posx>
          <posy>0</posy>
          <width>90</width>
          <height>98</height>
          <label>19019</label>
          <font>-</font>
          <texturefocus>VideoOSD/OSDChannelsFO.png</texturefocus>
          <texturenofocus>VideoOSD/OSDChannelsNF.png</texturenofocus>
          <onleft>603</onleft>
          <onright>605</onright>
          <onup>609</onup>
          <ondown>609</ondown>
          <onclick>ActivateWindow(PVROSDChannels)</onclick>
          <onclick>Dialog.Close(VideoOSD)</onclick>
        </control>
        <control type="button" id="605">
          <posx>375</posx>
          <posy>0</posy>
          <width>90</width>
          <height>98</height>
          <label>$LOCALIZE[19029] EPG</label>
          <font>-</font>
          <texturefocus>VideoOSD/OSDEpgFO.png</texturefocus>
          <texturenofocus>VideoOSD/OSDEpgNF.png</texturenofocus>
          <onleft>604</onleft>
          <onright>609</onright>
          <onup>609</onup>
          <ondown>609</ondown>
          <onclick>ActivateWindow(PVROSDGuide)</onclick>
          <onclick>Dialog.Close(VideoOSD)</onclick>
        </control>
        <control type="button" id="609">
          <posx>1056</posx>
          <posy>0</posy>
          <width>90</width>
          <height>98</height>
          <label>33063</label>
          <font>-</font>
          <texturefocus>VideoOSD/OSDOptionsFO.png</texturefocus>
          <texturenofocus>VideoOSD/OSDOptionsNF.png</texturenofocus>
          <onleft>605</onleft>
          <onright>600</onright>
          <onup>605</onup>
          <ondown>605</ondown>
          <onclick allowhiddenfocus="true">Control.SetFocus(101)</onclick>
        </control>
      </control>
      <control type="group" description="Options content">
        <posx>630</posx>
        <posy>15</posy>
        <visible allowhiddenfocus="true">ControlGroup(101).HasFocus() | Control.HasFocus(701) | Control.HasFocus(702) | Control.HasFocus(703) | Control.HasFocus(704) | Control.HasFocus(705) | Control.HasFocus(706) | Control.HasFocus(707) | Control.HasFocus(708) | Control.HasFocus(709)</visible>
        <animation type="Visible">
          <effect type="fade" start="0" end="100" time="240" />
          <effect type="zoom" tween="cubic" easing="out" start="30" end="100" center="auto" time="240" />
        </animation>
        <animation type="Hidden">
          <effect type="fade" start="100" end="0" time="140" />
          <effect type="zoom" tween="cubic" easing="in" start="100" end="30" center="auto" time="140" />
        </animation>
        <control type="image">
          <visible>ControlGroup(101).HasFocus()</visible>
          <posx>430</posx>
          <posy>66</posy>
          <width>900</width>
          <height>900</height>
          <aspectratio>stretch</aspectratio>
          <texture border="21">img/DialogNew.png</texture><colordiffuse>Overlay</colordiffuse>
        </control>
        <control type="grouplist" id="101" description="Video OSD Options">
          <visible allowhiddenfocus="true">ControlGroup(101).HasFocus() | Control.HasFocus(701) | Control.HasFocus(702) | Control.HasFocus(703) | Control.HasFocus(704) | Control.HasFocus(705) | Control.HasFocus(706) | Control.HasFocus(707) | Control.HasFocus(708) | Control.HasFocus(709)</visible>
          <animation type="Visible">
            <effect type="fade" start="0" end="100" time="240" />
            <effect type="zoom" tween="cubic" easing="out" start="30" end="100" center="auto" time="240" />
          </animation>
          <animation type="Hidden">
            <effect type="fade" start="100" end="0" time="140" />
            <effect type="zoom" tween="cubic" easing="in" start="100" end="30" center="auto" time="140" />
          </animation>
          <posx>600</posx>
          <posy>246</posy>
          <width>720</width>
          <height>720</height>
          <itemgap>0</itemgap>
          <onleft>602</onleft>
          <onright>602</onright>
          <onup>101</onup>
          <ondown>101</ondown>
          <itemgap>0</itemgap>
          <scrolltime>240</scrolltime>
          <control type="button" id="701" description="Subtitles">
            <visible>!VideoPlayer.Content(LiveTV)</visible>
            <include>9000Buttons</include>
            <label>31356</label>
            <onclick>SetFocus(602)</onclick>
            <onclick>Close</onclick>
            <onclick>ActivateWindow(SubtitleSearch)</onclick>
          </control>
          <control type="togglebutton" id="702" description="Record">
            <visible>VideoPlayer.Content(LiveTV)</visible>
            <enable>Player.CanRecord</enable>
            <include>9000Buttons</include>
            <label>264</label>
            <altlabel>265</altlabel>
            <onclick>PlayerControl(Record)</onclick>
            <animation effect="fade" start="100" end="50" time="100" condition="!Player.CanRecord">Conditional</animation>
          </control>
          <control type="button" id="703">
            <include>9000Buttons</include>
            <label>13395</label>
            <onclick>ActivateWindow(OSDVideoSettings)</onclick>
          </control>
          <control type="button" id="704">
            <include>9000Buttons</include>
            <label>$LOCALIZE[292] $LOCALIZE[1397] $LOCALIZE[287]</label>
            <onclick>ActivateWindow(OSDAudioSettings)</onclick>
          </control>
          <control type="button" id="705">
            <visible>!VideoPlayer.Content(LiveTV)</visible>
            <include>9000Buttons</include>
            <label>298</label>
            <onclick>ActivateWindow(VideoBookmarks)</onclick>
          </control>
          <control type="togglebutton" id="706" description="Info">
            <include>9000Buttons</include>
            <label>20159</label>
            <onclick>close</onclick>
            <onclick>ActivateWindow(142)</onclick>
            <altclick>close</altclick>
            <altclick>Dialog.Close(142)</altclick>
            <usealttexture>Window.IsActive(142)</usealttexture>
          </control>
          <control type="button" id="707">
            <include>9000Buttons</include>
            <label>21445</label>
            <onclick>CodecInfo</onclick>
          </control>
          <control type="button" id="708">
            <visible>!VideoPlayer.Content(LiveTV)</visible>
            <include>9000Buttons</include>
            <label>31355</label>
            <onclick>PlayerControl(ShowVideoMenu)</onclick>
            <enable>VideoPlayer.HasMenu</enable>
            <animation effect="fade" start="100" end="50" time="100" condition="!VideoPlayer.HasMenu">Conditional</animation>
          </control>
          <control type="button" id="709" description="Teletext">
            <visible>VideoPlayer.Content(LiveTV)</visible>
            <include>9000Buttons</include>
            <label>23050</label>
            <onclick>Dialog.Close(VideoOSD)</onclick>
            <onclick>ActivateWindow(Teletext)</onclick>
          </control>
        </control>
      </control>
    </control>
  </controls>-->
</window>
