<?xml version="1.0" encoding="UTF-8"?>
<includes>
  <include name="LiveTVChannelView">
    <control type="group" description="Left Panel TV Channels group">
      <visible>Control.IsVisible(11)</visible>
      <include>VisibleFadeEffect</include>
      <control type="group">
        <posx>112</posx>
        <posy>120</posy>
        <control type="image">
          <posx>0</posx>
          <posy>0</posy>
          <width>759</width>
          <height>429</height>
          <texture fallback="special://skin/backgrounds/tv.jpg">$INFO[Skin.String(Home_Custom_Back_TV_Folder)]</texture>
          <include>VisibleFadeEffect</include>
          <visible>!Player.HasVideo</visible>
        </control>
        <control type="videowindow">
          <visible>Control.IsVisible(11)</visible>
          <posx>0</posx>
          <posy>0</posy>
          <width>759</width>
          <height>429</height>
          <visible>Player.HasVideo</visible>
          <animation effect="slide" start="0,0" end="-3000,0" time="0">WindowClose</animation>
        </control>
        <control type="image">
          <posx>-2</posx>
          <posy>-2</posy>
          <width>762</width>
          <height>432</height>
          <texture border="3">img/CoverOverlay0.png</texture>
        </control>
        <control type="label">
          <posy>-48</posy>
          <font>size15</font>
          <width>758</width>
          <textcolor>Grey</textcolor>
          <include>Genre51Commons</include>
          <label>$INFO[VideoPlayer.Title,$LOCALIZE[31023]: ]</label>
        </control>
      </control>
      <control type="group">
        <posx>112</posx>
        <posy>609</posy>
        <control type="label" description="Title above progress">
          <posy>0</posy>
          <width>762</width>
          <font>size22B</font>
          <textcolor>White2</textcolor>
          <include>Genre51Commons</include>
          <label>$INFO[Container(11).ListItem.Title]</label>
        </control>
        <control type="textbox" description="Plot Value for TV">
          <posx>0</posx>
          <posy>57</posy>
          <width>758</width>
          <height>252</height>
          <font>size20</font>
          <textcolor>Silver</textcolor>
          <align>justify</align>
          <aligny>bottom</aligny>
          <autoscroll delay="8000" time="4300" repeat="10000">true</autoscroll>
          <pagecontrol>-</pagecontrol>
          <label>$INFO[Container(11).ListItem.Plot]</label>
        </control>
        <control type="label">
          <visible>Container(11).ListItem.HasEpg</visible>
          <posy>336</posy>
          <include>Genre51Commons</include>
          <label>$LOCALIZE[142] [COLOR=White]$INFO[Container(11).ListItem.StartTime,, / ]$INFO[Container(11).ListItem.EndTime][/COLOR]</label>
        </control>
        <control type="label">
          <posy>381</posy>
          <include>Genre51Commons</include>
          <label>$LOCALIZE[19031]: [COLOR=White]$INFO[Container(11).ListItem.NextTitle][/COLOR]</label>
        </control>
      </control>
      <control type="group" description="Slider and List">
        <include>LargeListItemCount</include>
        <posx>1020</posx>
        <posy>141</posy>
        <control type="fixedlist" id="11">
          <posx>0</posx>
          <posy>0</posy>
          <width>802</width>
          <height>888</height>
          <onleft condition="!Skin.HasSetting(ViewOptions_Hide)">9000</onleft>
          <onright condition="Skin.HasSetting(Scrollbars_Active)">70</onright>
          <onright condition="!Skin.HasSetting(Scrollbars_Active)">9000</onright>
          <onup>11</onup>
          <ondown>11</ondown>
          <pagecontrol>70</pagecontrol>
          <viewtype label="537">Big List 11</viewtype>
          <focusposition>3</focusposition>
          <movement>4</movement>
          
          <itemlayout width="802" height="111">
            <control type="progress">
              <include>TVProgress</include>
            </control>
            <control type="image" description="Logo">
              <posx>705</posx>
              <posy>14</posy>
              <height>84</height>
              <width>84</width>
              <texture>$INFO[ListItem.Thumb]</texture>
              <aspectratio>keep</aspectratio>
            </control>
            <control type="label" description="Number">
              <posx>46</posx>
              <posy>9</posy>
              <height>93</height>
              <width>93</width>
              <textcolor>White</textcolor>
              <align>center</align>
              <aligny>center</aligny>
              <font>size22</font>
              <scroll>false</scroll>
              <info>ListItem.ChannelNumber</info>
            </control>
            <control type="label" description="Main Label">
              <posx>123</posx>
              <width>552</width>
              <include>51MainLabel</include>
              <label>$INFO[ListItem.Label]</label>
            </control>
            <control type="label" description="Label2">
              <posx>123</posx>
              <width>552</width>
              <include>51Label2</include>
              <label>$INFO[ListItem.Title]</label>
            </control>
            <control type="image">
              <posx>90</posx>
              <posy>0</posy>
              <width>18</width>
              <height>111</height>
              <texture>OverlayRecording.png</texture>
              <aspectratio>keep</aspectratio>
              <visible>ListItem.IsRecording</visible>
            </control>
          </itemlayout>
          <focusedlayout width="802" height="111">
            <control type="progress">
              <include>TVProgress</include>
            </control>
            <control type="image" description="Logo">
              <posx>705</posx>
              <posy>14</posy>
              <height>84</height>
              <width>84</width>
              <texture>$INFO[ListItem.Thumb]</texture>
              <aspectratio>keep</aspectratio>
            </control>
            <control type="label" description="Number">
              <posx>46</posx>
              <posy>9</posy>
              <height>93</height>
              <width>93</width>
              <textcolor>White2</textcolor>
              <align>center</align>
              <aligny>center</aligny>
              <font>size22</font>
              <info>ListItem.ChannelNumber</info>
            </control>
            <control type="label" description="Main Label">
              <posx>123</posx>
              <width>552</width>
              <include>51MainLabelFO</include>
              <label>$INFO[ListItem.Label]</label>
            </control>
            <control type="label" description="Label2">
              <posx>123</posx>
              <width>552</width>
              <include>51Label2FO</include>
              <label>$INFO[ListItem.Title]</label>
            </control>
            <control type="image">
              <posx>90</posx>
              <posy>0</posy>
              <width>18</width>
              <height>111</height>
              <texture>OverlayRecording.png</texture>
              <aspectratio>keep</aspectratio>
              <visible>ListItem.IsRecording</visible>
            </control>
          </focusedlayout>
        </control>
        <include>LargeListSlider</include>
      </control>
      <!--<include>LargeListFade</include>-->
      <control type="scrollbar" id="70">
        <posx>39r</posx>
        <posy>135</posy>
        <height>870</height>
        <onleft>11</onleft>
        <onright>32</onright>
      </control>
    </control>
  </include>
  <include name="LiveRadioChannelView">
    <control type="group" description="Left Panel Radio Channels group">
      <visible>Control.IsVisible(12)</visible>
      <include>VisibleFadeEffect</include>
      <control type="group">
        <posx>112</posx>
        <posy>120</posy>
        <visible>Control.IsVisible(12)</visible>
        <include>VisibleFadeEffect</include>
        <control type="image">
          <posx>0</posx>
          <posy>0</posy>
          <width>759</width>
          <height>429</height>
          <texture fallback="special://skin/backgrounds/tv.jpg">$INFO[Skin.String(Home_Custom_Back_TV_Folder)]</texture>
          <include>VisibleFadeEffect</include>
          <visible>!Player.HasVideo</visible>
        </control>
        <control type="videowindow">
          <posx>0</posx>
          <posy>0</posy>
          <width>759</width>
          <height>429</height>
          <visible>Player.HasVideo</visible>
          <animation effect="slide" start="0,0" end="-3000,0" time="0">WindowClose</animation>
        </control>
        <control type="image">
          <posx>-2</posx>
          <posy>-2</posy>
          <width>762</width>
          <height>432</height>
          <texture border="3">img/CoverOverlay0.png</texture>
        </control>
        <control type="label">
          <posy>-48</posy>
          <font>size15</font>
          <width>758</width>
          <textcolor>Grey</textcolor>
          <include>Genre51Commons</include>
          <label>$INFO[VideoPlayer.Title,$LOCALIZE[31023]: ]</label>
        </control>
      </control>
      <control type="group">
        <posx>112</posx>
        <posy>609</posy>
        <control type="label" description="Title above progress">
          <posy>0</posy>
          <width>762</width>
          <font>size22B</font>
          <textcolor>White2</textcolor>
          <include>Genre51Commons</include>
          <label>$INFO[Container(12).ListItem.Title]</label>
        </control>
        <control type="textbox" description="Plot Value for TV">
          <posx>0</posx>
          <posy>57</posy>
          <width>758</width>
          <height>252</height>
          <font>size20</font>
          <textcolor>Silver</textcolor>
          <align>justify</align>
          <aligny>bottom</aligny>
          <autoscroll delay="8000" time="4300" repeat="10000">true</autoscroll>
          <pagecontrol>-</pagecontrol>
          <label>$INFO[Container(12).ListItem.Plot]</label>
        </control>
        <control type="label">
          <visible>Container(12).ListItem.HasEpg</visible>
          <posy>336</posy>
          <include>Genre51Commons</include>
          <label>$LOCALIZE[142] [COLOR=White]$INFO[Container(12).ListItem.StartTime,, / ]$INFO[Container(12).ListItem.EndTime][/COLOR]</label>
        </control>
        <control type="label">
          <posy>381</posy>
          <textcolor>White</textcolor>
          <include>Genre51Commons</include>
          <label>$INFO[Container(12).ListItem.NextTitle,[COLOR=White]$LOCALIZE[19031]: [/COLOR]]</label>
        </control>
      </control>
      <control type="group" description="Slider and List">
        <include>LargeListItemCount</include>
        <posx>1020</posx>
        <posy>141</posy>
        <control type="fixedlist" id="12">
          <posx>0</posx>
          <posy>0</posy>
          <width>802</width>
          <height>888</height>
          <onleft condition="!Skin.HasSetting(ViewOptions_Hide)">9000</onleft>
          <onright condition="Skin.HasSetting(Scrollbars_Active)">70</onright>
          <onright condition="!Skin.HasSetting(Scrollbars_Active)">9000</onright>
          <onup>11</onup>
          <ondown>11</ondown>
          <pagecontrol>71</pagecontrol>
          <viewtype label="537">Big List 12</viewtype>
          <focusposition>3</focusposition>
          <movement>4</movement>
          
          <itemlayout width="802" height="111">
            <control type="progress">
              <include>TVProgress</include>
            </control>
            <control type="image" description="Logo">
              <posx>705</posx>
              <posy>14</posy>
              <height>84</height>
              <width>84</width>
              <texture>$INFO[ListItem.Thumb]</texture>
              <aspectratio>keep</aspectratio>
            </control>
            <control type="label" description="Number">
              <posx>46</posx>
              <posy>9</posy>
              <height>93</height>
              <width>93</width>
              <textcolor>White</textcolor>
              <align>center</align>
              <aligny>center</aligny>
              <font>size22</font>
              <scroll>false</scroll>
              <info>ListItem.ChannelNumber</info>
            </control>
            <control type="label" description="Main Label">
              <posx>123</posx>
              <width>552</width>
              <include>51MainLabel</include>
              <label>$INFO[ListItem.Label]</label>
            </control>
            <control type="label" description="Label2">
              <posx>123</posx>
              <width>552</width>
              <include>51Label2</include>
              <label>$INFO[ListItem.Title]</label>
            </control>
            <control type="image">
              <posx>90</posx>
              <posy>0</posy>
              <width>18</width>
              <height>111</height>
              <texture>OverlayRecording.png</texture>
              <aspectratio>keep</aspectratio>
              <visible>ListItem.IsRecording</visible>
            </control>
          </itemlayout>
          <focusedlayout width="802" height="111">
            <control type="progress">
              <include>TVProgress</include>
            </control>
            <control type="image" description="Logo">
              <posx>705</posx>
              <posy>14</posy>
              <height>84</height>
              <width>84</width>
              <texture>$INFO[ListItem.Thumb]</texture>
              <aspectratio>keep</aspectratio>
            </control>
            <control type="label" description="Number">
              <posx>46</posx>
              <posy>9</posy>
              <height>93</height>
              <width>93</width>
              <textcolor>White2</textcolor>
              <align>center</align>
              <aligny>center</aligny>
              <font>size22</font>
              <info>ListItem.ChannelNumber</info>
            </control>
            <control type="label" description="Main Label">
              <posx>123</posx>
              <width>552</width>
              <include>51MainLabelFO</include>
              <label>$INFO[ListItem.Label]</label>
            </control>
            <control type="label" description="Label2">
              <posx>123</posx>
              <width>552</width>
              <include>51Label2FO</include>
              <label>$INFO[ListItem.Title]</label>
            </control>
            <control type="image">
              <posx>90</posx>
              <posy>0</posy>
              <width>18</width>
              <height>111</height>
              <texture>OverlayRecording.png</texture>
              <aspectratio>keep</aspectratio>
              <visible>ListItem.IsRecording</visible>
            </control>
          </focusedlayout>
        </control>
        <include>LargeListSlider</include>
      </control>
      <!--<include>LargeListFade</include>-->
      <control type="scrollbar" id="71">
        <posx>39r</posx>
        <posy>135</posy>
        <height>870</height>
        <onleft>11</onleft>
        <onright>32</onright>
      </control>
    </control>
  </include>
  <include name="LiveTVRecordingsView">
    <control type="group">
      <visible>Control.IsVisible(13)</visible>
      <control type="group" description="Recordings">
        <include>VisibleFadeEffect</include>
        <control type="group">
          <posx>112</posx>
          <posy>120</posy>
          <control type="image">
            <posx>0</posx>
            <posy>0</posy>
            <width>759</width>
            <height>429</height>
            <bordertexture border="3">img/CoverOverlay0.png</bordertexture>
            <texture fallback="special://skin/backgrounds/tv.jpg">$INFO[ListItem.Thumb]</texture>
            <aspectratio>keep</aspectratio>
            <include>VisibleFadeEffect</include>
          </control>
        </control>
        <control type="group">
          <posx>112</posx>
          <posy>609</posy>
          <control type="label" description="Title above progress">
            <posy>0</posy>
            <width>762</width>
            <font>size22B</font>
            <textcolor>White2</textcolor>
            <include>Genre51Commons</include>
            <label>$INFO[Container(13).ListItem.Title]</label>
          </control>
          <control type="textbox" description="Plot Value for TV">
            <posx>0</posx>
            <posy>57</posy>
            <width>758</width>
            <height>255</height>
            <font>size20</font>
            <textcolor>Silver</textcolor>
            <align>justify</align>
            <aligny>bottom</aligny>
            <autoscroll delay="8000" time="4300" repeat="10000">true</autoscroll>
            <pagecontrol>-</pagecontrol>
            <label>$INFO[ListItem.Plot]</label>
          </control>
          <control type="label">
            <visible>!IsEmpty(ListItem.Duration)</visible>
            <posy>333</posy>
            <include>Genre51Commons</include>
            <label>$LOCALIZE[31978]: [COLOR=White]$INFO[ListItem.Duration][/COLOR]</label>
          </control>
          <control type="label">
            <visible>!IsEmpty(ListItem.Date)</visible>
            <posy>381</posy>
            <include>Genre51Commons</include>
            <label>$LOCALIZE[552]: [COLOR=White]$INFO[ListItem.Date][/COLOR]</label>
          </control>
        </control>
        <control type="group" description="Slider and List">
          <include>SlimListItemCount</include>
          <posx>1020</posx>
          <posy>141</posy>
          <include>SlimListSlider</include>
          <control type="fixedlist" id="13">
            <posx>0</posx>
            <posy>0</posy>
            <width>802</width>
            <height>891</height>
            <onleft condition="!Skin.HasSetting(ViewOptions_Hide)">9000</onleft>
            <onright condition="Skin.HasSetting(Scrollbars_Active)">73</onright>
            <onright condition="!Skin.HasSetting(Scrollbars_Active)">9000</onright>
            <onup>13</onup>
            <ondown>13</ondown>
            <pagecontrol>73</pagecontrol>
            <viewtype label="535">List 13</viewtype>
            <focusposition>5</focusposition>
            <movement>5</movement>
            
            <itemlayout width="802" height="81">
              <include>Watched_Marks</include>
              <include>ArrowNF</include>
              <include>HD_Badge</include>
              <control type="label" description="Main Label">
                <visible>IntegerGreaterThan(ListItem.VideoResolution,700)</visible>
                <include>52MainLabel</include>
                <label>$INFO[ListItem.Label]</label>
              </control>
              <control type="label" description="Main Label">
                <visible>!IntegerGreaterThan(ListItem.VideoResolution,700)</visible>
                <width>720</width>
                <include>52MainLabel</include>
                <label>$INFO[ListItem.Label]</label>
              </control>
            </itemlayout>
            <focusedlayout width="802" height="81">
              <include>Watched_Marks</include>
              <include>ArrowFO</include>
              <include>HD_Badge</include>
              <control type="label" description="Main Label">
                <visible>IntegerGreaterThan(ListItem.VideoResolution,700)</visible>
                <include>52MainLabelFO</include>
                <label>$INFO[ListItem.Label]</label>
              </control>
              <control type="label" description="Main Label">
                <visible>!IntegerGreaterThan(ListItem.VideoResolution,700)</visible>
                <width>720</width>
                <include>52MainLabelFO</include>
                <label>$INFO[ListItem.Label]</label>
              </control>
            </focusedlayout>
          </control>
        </control>
        <include>SlimListFade</include>
        <control type="scrollbar" id="73">
          <posx>39r</posx>
          <posy>135</posy>
          <height>870</height>
          <onleft>13</onleft>
          <onright>32</onright>
        </control>
      </control>
    </control>
  </include>
  <include name="EPGTimelineView">
    <control type="group">
      <description>TV Guide Timeline</description>
      <visible>Control.IsVisible(10)</visible>
      <include>VisibleFadeEffect</include>
      <control type="epggrid" id="10" description="EPG Grid">
        <posx>105</posx>
        <posy>122</posy>
        <width>1710</width>
        <height>771</height>
        <pagecontrol>10</pagecontrol>
        <scrolltime>350</scrolltime>
        <timeblocks>20</timeblocks>
        <rulerunit>12</rulerunit>
        <onleft>31</onleft>
        <onright>31</onright>
        <onup>10</onup>
        <ondown>10</ondown>
		<onback>50</onback>
        <rulerlayout height="66" width="60">
          <control type="image" id="1" description="Header row">
            <width>60</width>
            <height>44</height>
            <posx>0</posx>
            <posy>0</posy>
            <texture>-</texture>
          </control>
          <control type="label" id="2">
            <posx>0</posx>
            <posy>0</posy>
            <width>57</width>
            <height>44</height>
            <font>size18</font>
            <aligny>center</aligny>
            <align>left</align>
            <label>$INFO[ListItem.Label]</label>
          </control>
        </rulerlayout>
        <channellayout height="78" width="420">
          <control type="image" id="1" description="Column 1">
            <posx>0</posx>
            <posy>3</posy>
            <width>405</width>
            <height>72</height>
            <bordersize>1</bordersize>
            <texture>img/ItemBG.png</texture>
          </control>
          <control type="label">
            <posx>36</posx>
            <posy>0</posy>
            <width>72</width>
            <height>78</height>
            <font>size18</font>
            <align>center</align>
            <aligny>center</aligny>
            <textcolor>Grey</textcolor>
            <info>ListItem.ChannelNumber</info>
          </control>
          <control type="label" id="1" description="Column 1 selected">
            <visible>!IsEmpty(ListItem.Thumb)</visible>
            <posx>78</posx>
            <width>246</width>
            <height>78</height>
            <font>size18</font>
            <textcolor>Grey</textcolor>
            <aligny>center</aligny>
            <align>left</align>
            <label>[B]$INFO[ListItem.ChannelName][/B]</label>
          </control>
          <control type="label" id="1" description="Column 1 selected">
            <visible>IsEmpty(ListItem.Thumb)</visible>
            <posx>78</posx>
            <width>300</width>
            <height>78</height>
            <font>size18</font>
            <textcolor>Grey</textcolor>
            <aligny>center</aligny>
            <align>left</align>
            <label>[B]$INFO[ListItem.ChannelName][/B]</label>
          </control>
          <control type="image">
            <posx>348</posx>
            <posy>0</posy>
            <width>48</width>
            <height>78</height>
            <aspectratio align="center" aligny="center">keep</aspectratio>
            <texture>$INFO[ListItem.Thumb]</texture>
          </control>
        </channellayout>
        <focusedchannellayout height="78" width="420">
          <control type="image" id="1" description="Column 1">
            <posx>0</posx>
            <posy>3</posy>
            <width>405</width>
            <height>72</height>
            <bordertexture border="3">img/CoverOverlay0.png</bordertexture>
            <bordersize>1</bordersize>
            <texture>img/ItemBG2.png</texture>
          </control>
          <control type="label">
            <posx>36</posx>
            <posy>0</posy>
            <width>72</width>
            <height>78</height>
            <font>size18</font>
            <align>center</align>
            <aligny>center</aligny>
            <textcolor>HL</textcolor>
            <info>ListItem.ChannelNumber</info>
          </control>
          <control type="label" id="1" description="Column 1 selected">
            <visible>!IsEmpty(ListItem.Thumb)</visible>
            <posx>78</posx>
            <width>246</width>
            <height>78</height>
            <font>size18</font>
            <textcolor>HL</textcolor>
            <aligny>center</aligny>
            <align>left</align>
            <label>[B]$INFO[ListItem.ChannelName][/B]</label>
          </control>
          <control type="label" id="1" description="Column 1 selected">
            <visible>IsEmpty(ListItem.Thumb)</visible>
            <posx>78</posx>
            <width>300</width>
            <height>78</height>
            <font>size18</font>
            <textcolor>HL</textcolor>
            <aligny>center</aligny>
            <align>left</align>
            <label>[B]$INFO[ListItem.ChannelName][/B]</label>
          </control>
          <control type="image">
            <posx>348</posx>
            <posy>0</posy>
            <width>48</width>
            <height>78</height>
            <aspectratio align="center" aligny="center">keep</aspectratio>
            <texture>$INFO[ListItem.Thumb]</texture>
          </control>
        </focusedchannellayout>
        <itemlayout height="78" width="60">
          <control type="image" id="2" description="Row">
            <posx>1</posx>
            <posy>3</posy>
            <width>57</width>
            <height>72</height>
            <bordersize>1</bordersize>
            <texture>img/ItemBG.png</texture>
          </control>
          <control type="label" id="1">
            <posx>8</posx>
            <posy>0</posy>
            <width>45</width>
            <height>78</height>
            <font>size18</font>
            <aligny>center</aligny>
            <scroll>false</scroll>
			<align>left</align>
            <textcolor>Grey</textcolor>
            <info>ListItem.Label</info>
          </control>
          <control type="image">
            <posx>8</posx>
            <posy>48</posy>
            <width>15</width>
            <height>30</height>
            <texture>$VAR[PVROverlay]</texture>
            <aspectratio>keep</aspectratio>
          </control>
        </itemlayout>
        <focusedlayout height="78" width="60">
          <control type="image" id="2" description="row">
            <posx>1</posx>
            <posy>3</posy>
            <width>57</width>
            <height>72</height>
            <texture border="3">img/SettingsButtonFO.png</texture>
          </control>
          <control type="label" id="1">
            <posx>8</posx>
            <posy>0</posy>
            <width>45</width>
            <height>78</height>
            <font>size18</font>
            <textcolor>White2</textcolor>
            <aligny>center</aligny>
            <align>left</align>
            <info>ListItem.Label</info>
          </control>
          <control type="image">
            <posx>8</posx>
            <posy>48</posy>
            <width>15</width>
            <height>30</height>
            <texture>$VAR[PVROverlay]</texture>
            <aspectratio>keep</aspectratio>
          </control>
        </focusedlayout>
      </control>
      <control type="image" description="Top split">
        <posx>105</posx>
        <posy>172</posy>
        <width>1710</width>
        <height>1</height>
        <texture>img/LineST.png</texture>
      </control>
      <control type="image" description="Bottom split">
        <posx>105</posx>
        <posy>994</posy>
        <width>1710</width>
        <height>1</height>
        <texture>img/LineST.png</texture>
      </control>
      <control type="image" description="Overlay">
        <posx>69</posx>
        <posy>942</posy>
        <width>18</width>
        <height>45</height>
        <texture>$VAR[PVROverlay]</texture>
        <aspectratio>keep</aspectratio>
      </control>
      <control type="label">
        <posx>105</posx>
        <posy>924</posy>
        <width>1710</width>
        <height>78</height>
        <font>size20</font>
        <textcolor>White</textcolor>
        <aligny>center</aligny>
        <align>left</align>
        <label>$INFO[ListItem.Label]  $INFO[ListItem.StartTime,, - ]$INFO[ListItem.EndTime] $INFO[ListItem.Duration, • $LOCALIZE[31978] ]</label>
      </control>
    </control>
  </include>
  <include name="LiveTVTimersView">
    <control type="group">
      <description>Timers group</description>
      <visible>Control.IsVisible(14)</visible>
      <include>VisibleFadeEffect</include>
      <control type="group">
        <posx>120</posx>
        <posy>90</posy>
        <control type="label">
          <description>Channel header label</description>
          <posx>0</posx>
          <posy>30</posy>
          <width>330</width>
          <height>30</height>
          <font>size17</font>
          <align>center</align>
          <aligny>center</aligny>
          <label>19029</label>
        </control>
        <control type="label">
          <description>Title header label</description>
          <posx>330</posx>
          <posy>30</posy>
          <width>450</width>
          <height>30</height>
          <font>size17</font>
          <textcolor>white</textcolor>
          <shadowcolor>black</shadowcolor>
          <align>center</align>
          <aligny>center</aligny>
          <label>369</label>
        </control>
        <control type="label">
          <description>Schedule Time header label</description>
          <posx>870</posx>
          <posy>30</posy>
          <width>450</width>
          <height>30</height>
          <font>size17</font>
          <textcolor>white</textcolor>
          <shadowcolor>black</shadowcolor>
          <align>center</align>
          <aligny>center</aligny>
          <label>31501</label>
        </control>
        <control type="label">
          <description>Status header label</description>
          <posx>1410</posx>
          <posy>30</posy>
          <width>225</width>
          <height>30</height>
          <font>size17</font>
          <textcolor>white</textcolor>
          <shadowcolor>black</shadowcolor>
          <align>center</align>
          <aligny>center</aligny>
          <label>126</label>
        </control>
        <control type="list" id="14">
          <posx>0</posx>
          <posy>82</posy>
          <width>1650</width>
          <height>720</height>
          <onup>14</onup>
          <ondown>14</ondown>
          <onleft>35</onleft>
          <onright>74</onright>
          <pagecontrol>74</pagecontrol>
          <scrolltime>200</scrolltime>
          <itemlayout height="60">
            <control type="image">
              <posx>0</posx>
              <posy>0</posy>
              <width>1650</width>
              <height>60</height>
              <texture>ItemBG.png</texture>
            </control>
            <control type="image">
              <posx>330</posx>
              <posy>0</posy>
              <width>450</width>
              <height>60</height>
              <texture border="3">img/CoverOverlay0.png</texture>
            </control>
            <control type="image">
              <posx>1410</posx>
              <posy>0</posy>
              <width>232</width>
              <height>60</height>
              <texture border="3">img/CoverOverlay0.png</texture>
            </control>
            <control type="image">
              <posx>0</posx>
              <posy>12</posy>
              <width>75</width>
              <height>39</height>
              <visible>!IsEmpty(ListItem.Date)</visible>
              <texture border="1">$INFO[ListItem.Thumb]</texture>
            </control>
            <control type="label">
              <posx>75</posx>
              <posy>0</posy>
              <width>225</width>
              <height>60</height>
              <font>size17</font>
              <align>left</align>
              <aligny>center</aligny>
              <selectedcolor>selected</selectedcolor>
              <info>ListItem.ChannelName</info>
            </control>
            <control type="label">
              <posx>555</posx>
              <posy>0</posy>
              <width>435</width>
              <height>60</height>
              <font>size17</font>
              <align>center</align>
              <aligny>center</aligny>
              <selectedcolor>selected</selectedcolor>
              <info>ListItem.Label</info>
            </control>
            <control type="label">
              <posx>1095</posx>
              <posy>0</posy>
              <width>600</width>
              <height>60</height>
              <font>size17</font>
              <align>center</align>
              <aligny>center</aligny>
              <info>ListItem.Date</info>
            </control>
            <control type="label">
              <posx>1527</posx>
              <posy>0</posy>
              <width>255</width>
              <height>60</height>
              <font>size17</font>
              <align>center</align>
              <aligny>center</aligny>
              <info>ListItem.Comment</info>
            </control>
          </itemlayout>
          <focusedlayout height="60">
            <control type="image">
              <posx>0</posx>
              <posy>0</posy>
              <width>1650</width>
              <height>60</height>
              <texture>img/ItemBG.png</texture>
            </control>
            <control type="image">
              <posx>330</posx>
              <posy>0</posy>
              <width>450</width>
              <height>60</height>
              <texture border="3">img/CoverOverlay0.png</texture>
              <visible>!Control.HasFocus(14)</visible>
            </control>
            <control type="image">
              <posx>1470</posx>
              <posy>0</posy>
              <width>180</width>
              <height>60</height>
              <texture border="3">img/CoverOverlay0.png</texture>
              <visible>!Control.HasFocus(14)</visible>
            </control>
            <control type="image">
              <posx>330</posx>
              <posy>0</posy>
              <width>450</width>
              <height>60</height>
              <texture border="9">img/MediaButton2.png</texture>
              <visible>Control.HasFocus(14)</visible>
            </control>
            <control type="image">
              <posx>1410</posx>
              <posy>0</posy>
              <width>232</width>
              <height>60</height>
              <texture border="3">img/CoverOverlay0.png</texture>
              <visible>Control.HasFocus(14)</visible>
            </control>
            <control type="image">
              <posx>0</posx>
              <posy>12</posy>
              <width>75</width>
              <height>39</height>
              <visible>!IsEmpty(ListItem.Date)</visible>
              <texture border="1">$INFO[ListItem.Thumb]</texture>
            </control>
            <control type="label">
              <posx>75</posx>
              <posy>0</posy>
              <width>225</width>
              <height>60</height>
              <font>size17</font>
              <align>left</align>
              <aligny>center</aligny>
              <info>ListItem.ChannelName</info>
            </control>
            <control type="label">
              <posx>555</posx>
              <posy>0</posy>
              <width>435</width>
              <height>60</height>
              <font>size17</font>
              <align>center</align>
              <aligny>center</aligny>
              <info>ListItem.Label</info>
            </control>
            <control type="label">
              <posx>1095</posx>
              <posy>0</posy>
              <width>600</width>
              <height>60</height>
              <font>size17</font>
              <align>center</align>
              <aligny>center</aligny>
              <info>ListItem.Date</info>
            </control>
            <control type="label">
              <posx>1527</posx>
              <posy>0</posy>
              <width>225</width>
              <height>60</height>
              <font>size17</font>
              <align>center</align>
              <aligny>center</aligny>
              <info>ListItem.Comment</info>
            </control>
          </focusedlayout>
        </control>
        <control type="scrollbar" id="74">
          <posx>1658</posx>
          <posy>75</posy>
          <width>9</width>
          <height>720</height>
          <onleft>14</onleft>
          <onright>35</onright>
          <showonepage>false</showonepage>
          <orientation>vertical</orientation>
        </control>
        <control type="label">
          <description>Next timer date</description>
          <posx>82</posx>
          <posy>818</posy>
          <width>1515</width>
          <height>45</height>
          <font>size17</font>
          <align>center</align>
          <aligny>center</aligny>
          <scroll>true</scroll>
          <label>$INFO[PVR.NextTimer]</label>
          <visible>PVR.HasTimer</visible>
        </control>
      </control>
    </control>
  </include>
  <include name="LiveTVSearchView">
    <control type="group">
      <description>TV Search group</description>
      <visible>Control.IsVisible(17)</visible>
      <include>VisibleFadeEffect</include>
      <control type="group">
        <posx>120</posx>
        <posy>90</posy>
        <control type="label">
          <description>Channel label</description>
          <posx>0</posx>
          <posy>30</posy>
          <width>375</width>
          <height>30</height>
          <font>size18</font>
          <align>center</align>
          <aligny>center</aligny>
          <label>19148</label>
        </control>
        <control type="label">
          <description>Title</description>
          <posx>435</posx>
          <posy>30</posy>
          <width>525</width>
          <height>30</height>
          <font>size18</font>
          <align>left</align>
          <aligny>center</aligny>
          <label>369</label>
        </control>
        <control type="label">
          <description>Time label</description>
          <posx>1380</posx>
          <posy>30</posy>
          <width>450</width>
          <height>30</height>
          <font>size18</font>
          <align>right</align>
          <aligny>center</aligny>
          <label>21820</label>
        </control>
        <control type="label">
          <description>Status header label</description>
          <posx>1440</posx>
          <posy>30</posy>
          <width>210</width>
          <height>30</height>
          <font>size18</font>
          <align>center</align>
          <aligny>center</aligny>
          <label>126</label>
        </control>
        <control type="list" id="17">
          <posx>0</posx>
          <posy>82</posy>
          <width>1650</width>
          <height>780</height>
          <onup>17</onup>
          <ondown>17</ondown>
          <onleft>36</onleft>
          <onright>77</onright>
          <pagecontrol>77</pagecontrol>
          <scrolltime>200</scrolltime>
          <itemlayout height="60">
            <control type="image">
              <posx>0</posx>
              <posy>0</posy>
              <width>1650</width>
              <height>60</height>
              <texture>img/ItemBG.png</texture>
            </control>
            <control type="image">
              <posx>0</posx>
              <posy>0</posy>
              <width>375</width>
              <height>60</height>
              <texture border="3">img/CoverOverlay0.png</texture>
            </control>
            <control type="image">
              <posx>1440</posx>
              <posy>0</posy>
              <width>210</width>
              <height>60</height>
              <texture border="3">img/CoverOverlay0.png</texture>
            </control>
            <control type="image">
              <posx>15</posx>
              <posy>8</posy>
              <width>45</width>
              <height>45</height>
              <info>ListItem.Icon</info>
            </control>
            <control type="label">
              <posx>75</posx>
              <posy>0</posy>
              <width>285</width>
              <height>52</height>
              <font>size17</font>
              <align>left</align>
              <aligny>center</aligny>
              <textcolor>Grey</textcolor>
              <info>ListItem.ChannelName</info>
            </control>
            <control type="label">
              <posx>390</posx>
              <posy>0</posy>
              <width>975</width>
              <height>52</height>
              <font>size17</font>
              <align>left</align>
              <aligny>center</aligny>
              <textcolor>Grey</textcolor>
              <info>ListItem.Label</info>
            </control>
            <control type="label">
              <posx>1425</posx>
              <posy>0</posy>
              <width>750</width>
              <height>60</height>
              <font>size17</font>
              <align>right</align>
              <aligny>center</aligny>
              <textcolor>Grey</textcolor>
              <info>ListItem.Date</info>
            </control>
            <control type="image">
              <posx>1455</posx>
              <posy>15</posy>
              <width>45</width>
              <height>30</height>
              <texture>$VAR[PVROverlay]</texture>
            </control>
            <control type="label">
              <posx>1508</posx>
              <posy>0</posy>
              <width>120</width>
              <height>60</height>
              <font>font14</font>
              <align>left</align>
              <aligny>center</aligny>
              <textcolor>Grey</textcolor>
              <label>19043</label>
              <visible>ListItem.IsRecording</visible>
            </control>
            <control type="label">
              <posx>1500</posx>
              <posy>0</posy>
              <width>120</width>
              <height>60</height>
              <font>font14</font>
              <align>left</align>
              <aligny>center</aligny>
              <textcolor>Grey</textcolor>
              <label>31510</label>
              <visible>ListItem.HasTimer</visible>
            </control>
          </itemlayout>
          <focusedlayout height="60">
            <control type="image">
              <posx>0</posx>
              <posy>0</posy>
              <width>1650</width>
              <height>60</height>
              <texture>img/ItemBG2.png</texture>
            </control>
            <control type="image">
              <posx>0</posx>
              <posy>0</posy>
              <width>375</width>
              <height>60</height>
              <texture border="3">img/CoverOverlay0.png</texture>
            </control>
            <control type="image">
              <posx>1440</posx>
              <posy>0</posy>
              <width>210</width>
              <height>60</height>
              <texture border="3">img/CoverOverlay0.png</texture>
            </control>
            <control type="image">
              <posx>15</posx>
              <posy>8</posy>
              <width>45</width>
              <height>45</height>
              <info>ListItem.Icon</info>
            </control>
            <control type="label">
              <posx>75</posx>
              <posy>0</posy>
              <width>285</width>
              <height>52</height>
              <font>size17</font>
              <align>left</align>
              <aligny>center</aligny>
              <textcolor>White2</textcolor>
              <info>ListItem.ChannelName</info>
            </control>
            <control type="label">
              <posx>390</posx>
              <posy>0</posy>
              <width>975</width>
              <height>52</height>
              <font>size17</font>
              <align>left</align>
              <aligny>center</aligny>
              <textcolor>White2</textcolor>
              <info>ListItem.Label</info>
            </control>
            <control type="label">
              <posx>1425</posx>
              <posy>0</posy>
              <width>750</width>
              <height>60</height>
              <font>size17</font>
              <align>right</align>
              <aligny>center</aligny>
              <textcolor>White2</textcolor>
              <info>ListItem.Date</info>
            </control>
            <control type="image">
              <posx>1455</posx>
              <posy>15</posy>
              <width>45</width>
              <height>30</height>
              <texture>$VAR[PVROverlay]</texture>
            </control>
            <control type="label">
              <posx>1508</posx>
              <posy>0</posy>
              <width>120</width>
              <height>60</height>
              <font>font14</font>
              <align>left</align>
              <aligny>center</aligny>
              <textcolor>White2</textcolor>
              <label>19043</label>
              <visible>ListItem.IsRecording</visible>
            </control>
            <control type="label">
              <posx>1500</posx>
              <posy>0</posy>
              <width>120</width>
              <height>60</height>
              <font>font14</font>
              <align>left</align>
              <aligny>center</aligny>
              <textcolor>White2</textcolor>
              <label>31510</label>
              <visible>ListItem.HasTimer</visible>
            </control>
          </focusedlayout>
        </control>
        <control type="scrollbar" id="77">
          <posx>1658</posx>
          <posy>75</posy>
          <width>9</width>
          <height>780</height>
          <onleft>16</onleft>
          <onright>36</onright>
          <showonepage>false</showonepage>
          <orientation>vertical</orientation>
        </control>
      </control>
    </control>
  </include>
  <include name="LiveTVGuideChannelView">
    <control type="group">
      <description>TV Guide Channel</description>
      <visible>Control.IsVisible(15)</visible>
      <include>VisibleFadeEffect</include>
      <control type="group">
        <posx>105</posx>
        <posy>105</posy>
        <control type="label" description="Channel">
          <posx>15</posx>
          <posy>6</posy>
          <width>900</width>
          <height>45</height>
          <font>size22B</font>
          <textcolor>White2</textcolor>
          <align>left</align>
          <aligny>center</aligny>
          <label>$INFO[ListItem.ChannelName]  [COLOR=Grey]$INFO[ListItem.ChannelNumber,(,)][/COLOR]</label>
        </control>
        <control type="image">
          <posx>1335</posx>
          <posy>-6</posy>
          <width>360</width>
          <height>57</height>
          <aspectratio align="right">keep</aspectratio>
          <aligny>center</aligny>
          <texture>$INFO[ListItem.Thumb]</texture>
        </control>
        <control type="group">
          <posx>0</posx>
          <posy>0</posy>
          <control type="group" description="Slider and List">
            <include>LargeListItemCount</include>
            <posx>0</posx>
            <posy>60</posy>
            <control type="fixedlist" id="15">
              <posx>0</posx>
              <posy>0</posy>
              <width>1702</width>
              <height>882</height>
              <onleft condition="!Skin.HasSetting(ViewOptions_Hide)">9000</onleft>
              <onright condition="Skin.HasSetting(Scrollbars_Active)">75</onright>
              <onright condition="!Skin.HasSetting(Scrollbars_Active)">-</onright>
              <onup>15</onup>
              <ondown>15</ondown>
              <pagecontrol>75</pagecontrol>
              <focusposition>3</focusposition>
              <movement>3</movement>
              
              <itemlayout width="1702" height="126">
                <control type="progress">
                  <posx>0</posx>
                  <posy>8</posy>
                  <height>111</height>
                  <width>1702</width>
                  <include>TVProgress</include>
                </control>
                <control type="label" description="Number">
                  <posx>128</posx>
                  <posy>6</posy>
                  <height>63</height>
                  <width>255</width>
                  <textcolor>Grey</textcolor>
                  <align>center</align>
                  <aligny>center</aligny>
                  <font>size15</font>
                  <label>$INFO[ListItem.Duration,$LOCALIZE[31978]: ]</label>
                </control>
                <control type="label" description="Date">
                  <posx>128</posx>
                  <posy>57</posy>
                  <height>63</height>
                  <width>255</width>
                  <textcolor>Grey</textcolor>
                  <align>center</align>
                  <aligny>center</aligny>
                  <font>size15</font>
                  <label>$INFO[ListItem.Label2]</label>
                </control>
                <control type="image">
                  <posx>267</posx>
                  <posy>0</posy>
                  <width>18</width>
                  <height>126</height>
                  <aspectratio>keep</aspectratio>
                  <texture>$VAR[PVROverlay]</texture>
                </control>
                <control type="label" description="Main Label">
                  <posy>6</posy>
                  <posx>315</posx>
                  <height>63</height>
                  <width>1350</width>
                  <font>size22</font>
                  <include>51MainLabel</include>
                  <label>$INFO[ListItem.Label]</label>
                </control>
                <control type="label" description="Label2">
                  <posy>57</posy>
                  <posx>315</posx>
                  <height>63</height>
                  <width>1350</width>
                  <include>51Label2</include>
                  <label fallback="31979">$INFO[ListItem.Plot]</label>
                </control>
              </itemlayout>
              <focusedlayout width="1702" height="126">
                <control type="progress">
                  <posx>0</posx>
                  <posy>8</posy>
                  <height>111</height>
                  <width>1702</width>
                  <include>TVProgress</include>
                </control>
                <control type="label" description="Number">
                  <posx>128</posx>
                  <posy>6</posy>
                  <height>63</height>
                  <width>255</width>
                  <textcolor>White2</textcolor>
                  <align>center</align>
                  <aligny>center</aligny>
                  <font>size15</font>
                  <label>$INFO[ListItem.Duration,$LOCALIZE[31978]: ]</label>
                </control>
                <control type="label" description="Date">
                  <posx>128</posx>
                  <posy>57</posy>
                  <height>63</height>
                  <width>255</width>
                  <textcolor>White2</textcolor>
                  <align>center</align>
                  <aligny>center</aligny>
                  <font>size15</font>
                  <label>$INFO[ListItem.Label2]</label>
                </control>
                <control type="image">
                  <posx>267</posx>
                  <posy>0</posy>
                  <width>18</width>
                  <height>126</height>
                  <aspectratio>keep</aspectratio>
                  <texture>$VAR[PVROverlay]</texture>
                </control>
                <control type="label" description="Main Label">
                  <posy>6</posy>
                  <posx>315</posx>
                  <height>63</height>
                  <width>1350</width>
                  <font>size22</font>
                  <include>51MainLabelFO</include>
                  <label>$INFO[ListItem.Label]</label>
                </control>
                <control type="label" description="Label2">
                  <posy>57</posy>
                  <posx>315</posx>
                  <height>63</height>
                  <width>1350</width>
                  <include>51Label2FO</include>
                  <label fallback="31979">$INFO[ListItem.Plot]</label>
                </control>
              </focusedlayout>
            </control>
            <control type="image">
              <visible>Container.HasPrevious</visible>
              <animation effect="fade" time="200">VisibleChange</animation>
              <posx>0</posx>
              <posy>0</posy>
              <height>81</height>
              <width>1920</width>
              <texture flipy="true">img/DefaultGradient.png</texture>
              <aspectratio>stretch</aspectratio>
            </control>
            <control type="image">
              <animation effect="fade" time="200">VisibleChange</animation>
              <visible>Container.HasNext</visible>
              <posx>0</posx>
              <posy>810</posy>
              <height>81</height>
              <width>1920</width>
              <texture>img/DefaultGradient.png</texture>
              <aspectratio>stretch</aspectratio>
            </control>
            <control type="group" description="Slider">
              <animation condition="Control.HasFocus(60)" effect="slide" start="0,0" end="960,540" time="300" reversible="true">Conditional</animation>
              <animation condition="Control.HasFocus(60)" effect="zoom" start="100" end="0" time="300" reversible="true">Conditional</animation>
              <control type="image">
                <animation effect="fade" time="100">VisibleChange</animation>
                <posx>-24</posx>
                <posy>366</posy>
                <width>1749</width>
                <height>153</height>
                <texture border="26">img/Slider5.png</texture>
                <aspectratio>stretch</aspectratio>
              </control>
              <animation condition="Container.Position(0)" effect="slide" start="0,0" end="0,-378" time="180" easing="inout" reversible="true">Conditional</animation>
              <animation condition="Container.Position(1)" effect="slide" start="0,0" end="0,-252" time="180" easing="inout" reversible="true">Conditional</animation>
              <animation condition="Container.Position(2)" effect="slide" start="0,0" end="0,-126" time="180" easing="inout" reversible="true">Conditional</animation>
              <animation condition="Container.Position(3)" effect="slide" start="0,0" end="0,0" time="180" easing="inout" reversible="true">Conditional</animation>
              <animation condition="Container.Position(4)" effect="slide" start="0,0" end="0,126" time="180" easing="inout" reversible="true">Conditional</animation>
              <animation condition="Container.Position(5)" effect="slide" start="0,0" end="0,252" time="180" easing="inout" reversible="true">Conditional</animation>
              <animation condition="Container.Position(6)" effect="slide" start="0,0" end="0,378" time="180" easing="inout" reversible="true">Conditional</animation>
              <animation condition="Container.Position(7)" effect="slide" start="0,0" end="0,504" time="180" easing="inout" reversible="true">Conditional</animation>
            </control>
          </control>
          <control type="scrollbar" id="75">
            <posx>1755</posx>
            <posy>90</posy>
            <width>9</width>
            <height>750</height>
            <onleft>16</onleft>
            <onright>31</onright>
            <showonepage>false</showonepage>
            <orientation>vertical</orientation>
          </control>
        </control>
      </control>
    </control>
  </include>
  <include name="LiveTVGuideNowNextView">
    <!-- ## OK ## -->
    <control type="group">
      <description>TV Guide Now/Next</description>
      <visible>Control.IsVisible(16)</visible>
      <include>VisibleFadeEffect</include>
      <control type="group">
        <posx>105</posx>
        <posy>90</posy>
        <control type="group" description="Slider and List">
          <include>LargeListItemCount</include>
          <posx>0</posx>
          <posy>60</posy>
          <control type="fixedlist" id="16">
            <posx>0</posx>
            <posy>0</posy>
            <width>1702</width>
            <height>888</height>
            <onleft condition="!Skin.HasSetting(ViewOptions_Hide)">9000</onleft>
            <onright condition="Skin.HasSetting(Scrollbars_Active)">70</onright>
            <onright condition="!Skin.HasSetting(Scrollbars_Active)">9000</onright>
            <onup>11</onup>
            <ondown>11</ondown>
            <pagecontrol>76</pagecontrol>
            <focusposition>3</focusposition>
            <movement>4</movement>
            
            <itemlayout width="1702" height="111">
              <control type="image">
                <posx>0</posx>
                <posy>8</posy>
                <height>96</height>
                <width>1702</width>
                <texture>img/ItemBG.png</texture>
              </control>
              <control type="label" description="Number">
                <posx>68</posx>
                <posy>12</posy>
                <height>46</height>
                <width>135</width>
                <textcolor>White2</textcolor>
                <align>center</align>
                <aligny>center</aligny>
                <font>size15</font>
                <label>$INFO[ListItem.StartTime]</label>
              </control>
              <control type="label" description="Number">
                <posx>68</posx>
                <posy>51</posy>
                <height>46</height>
                <width>135</width>
                <textcolor>White2</textcolor>
                <align>center</align>
                <aligny>center</aligny>
                <font>size15</font>
                <label>$INFO[ListItem.EndTime]</label>
              </control>
              <control type="image">
                <posx>132</posx>
                <posy>0</posy>
                <width>21</width>
                <height>111</height>
                <aspectratio>keep</aspectratio>
                <texture>$VAR[PVROverlay]</texture>
              </control>
              <control type="label" description="Main Label">
                <posx>165</posx>
                <width>1425</width>
                <font>size22</font>
                <include>51MainLabel</include>
                <label>[COLOR=Grey2]$INFO[ListItem.ChannelNumber,,. ]$INFO[ListItem.ChannelName][/COLOR]$INFO[ListItem.Label, • ]</label>
              </control>
              <control type="label" description="Label2">
                <posx>165</posx>
                <width>1425</width>
                <include>51Label2</include>
                <label fallback="31979">$INFO[ListItem.Plot]</label>
              </control>
              <control type="image">
                <posx>1620</posx>
                <posy>18</posy>
                <width>75</width>
                <height>75</height>
                <aspectratio>keep</aspectratio>
                <texture>$INFO[ListItem.Thumb]</texture>
              </control>
            </itemlayout>
            <focusedlayout width="1702" height="111">
              <control type="image">
                <posx>0</posx>
                <posy>8</posy>
                <height>96</height>
                <width>1702</width>
                <texture>img/ItemBG.png</texture>
              </control>
              <control type="label" description="Number">
                <posx>68</posx>
                <posy>12</posy>
                <height>46</height>
                <width>135</width>
                <textcolor>White2</textcolor>
                <align>center</align>
                <aligny>center</aligny>
                <font>size15</font>
                <label>$INFO[ListItem.StartTime]</label>
              </control>
              <control type="label" description="Number">
                <posx>68</posx>
                <posy>51</posy>
                <height>46</height>
                <width>135</width>
                <textcolor>White2</textcolor>
                <align>center</align>
                <aligny>center</aligny>
                <font>size15</font>
                <label>$INFO[ListItem.EndTime]</label>
              </control>
              <control type="image">
                <posx>132</posx>
                <posy>0</posy>
                <width>21</width>
                <height>111</height>
                <aspectratio>keep</aspectratio>
                <texture>$VAR[PVROverlay]</texture>
              </control>
              <control type="label" description="Main Label">
                <posx>165</posx>
                <width>1425</width>
                <font>size22</font>
                <include>51MainLabelFO</include>
                <label>[COLOR=Grey2]$INFO[ListItem.ChannelNumber,,. ]$INFO[ListItem.ChannelName][/COLOR]$INFO[ListItem.Label, • ]</label>
              </control>
              <control type="label" description="Label2">
                <posx>165</posx>
                <width>1425</width>
                <include>51Label2FO</include>
                <label fallback="31979">$INFO[ListItem.Plot]</label>
              </control>
              <control type="image">
                <posx>1620</posx>
                <posy>18</posy>
                <width>75</width>
                <height>75</height>
                <aspectratio>keep</aspectratio>
                <texture>$INFO[ListItem.Thumb]</texture>
              </control>
            </focusedlayout>
          </control>
          <control type="group" description="Slider">
            <animation condition="Control.HasFocus(60)" effect="slide" start="0,0" end="960,540" time="300" reversible="true">Conditional</animation>
            <animation condition="Control.HasFocus(60)" effect="zoom" start="100" end="0" time="300" reversible="true">Conditional</animation>
            <control type="image">
                <animation effect="fade" time="100">VisibleChange</animation>
                <posx>-24</posx>
                <posy>315</posy>
                <width>1749</width>
                <height>144</height>
                <texture border="26">img/Slider5.png</texture>
                <aspectratio>stretch</aspectratio>
              </control>
            <animation condition="Container.Position(0)" effect="slide" start="0,0" end="0,-333" time="180" easing="inout" reversible="true">Conditional</animation>
            <animation condition="Container.Position(1)" effect="slide" start="0,0" end="0,-222" time="180" easing="inout" reversible="true">Conditional</animation>
            <animation condition="Container.Position(2)" effect="slide" start="0,0" end="0,-111" time="180" easing="inout" reversible="true">Conditional</animation>
            <animation condition="Container.Position(3)" effect="slide" start="0,0" end="0,0" time="180" easing="inout" reversible="true">Conditional</animation>
            <animation condition="Container.Position(4)" effect="slide" start="0,0" end="0,111" time="180" easing="inout" reversible="true">Conditional</animation>
            <animation condition="Container.Position(5)" effect="slide" start="0,0" end="0,222" time="180" easing="inout" reversible="true">Conditional</animation>
            <animation condition="Container.Position(6)" effect="slide" start="0,0" end="0,333" time="180" easing="inout" reversible="true">Conditional</animation>
            <animation condition="Container.Position(7)" effect="slide" start="0,0" end="0,444" time="180" easing="inout" reversible="true">Conditional</animation>
            <animation condition="Container.Position(8)" effect="slide" start="0,0" end="0,555" time="180" easing="inout" reversible="true">Conditional</animation>
          </control>
        </control>
        <control type="scrollbar" id="76">
          <posx>1755</posx>
          <posy>90</posy>
          <width>12</width>
          <height>750</height>
          <onleft>16</onleft>
          <onright>31</onright>
          <showonepage>false</showonepage>
          <orientation>vertical</orientation>
        </control>
      </control>
    </control>
  </include>
</includes>
