<?xml version='1.0' encoding='UTF-8' standalone='yes'?>
<addon id='script.module.link.grabber' version='1.0.0' name='Link grabber module' provider-name='mrstealth'>
  <requires>
    <import addon="xbmc.python" version="2.1.0" />
    <import addon="script.module.kodi.utils" version="3.0.0"/>
  </requires>
  <extension point='xbmc.addon.metadata'>
    <platform>all</platform>
    <summary lang='en'>Link grabber module</summary>
  </extension>
  <extension point='xbmc.python.module' library='lib' />
</addon>
