<addon id="skin.quartz" version="5.2" name="Quartz" provider-name="Pecinko">
  <requires>
    <import addon="xbmc.gui" version="5.9.0"/>
    <import addon="script.favourites" version="3.0.4"/>
  </requires>
  <extension
    point="xbmc.gui.skin" defaultthemename="Textures.xbt" debugging="false">
    <res width="1920" height="1080" aspect="16:9" default="true" folder="1080i" />
  </extension>
  <extension point="xbmc.addon.metadata">
    <platform>all</platform>
    <summary lang="en">Apple TV style skin</summary>
    <description lang="en">Easy to use, fast and flexible user interface. If you believe that sometimes less means more, you might feel right at home with Quartz. Skin graphics by CloudDweller and Pecinko.</description>
  </extension>
</addon>
