<?xml version="1.0" encoding="UTF-8"?>
  <addon id="repository.mrstealth" name="MrStealth Kodi (Development - Master) Add-ons Repository" version="1.0.0" provider-name="mrstealth">
    <extension point="xbmc.addon.repository" name="MrStealth Kodi (Development - Master) Add-ons Repository">
        <info compressed="false">https://raw.githubusercontent.com/mrstealth/kodi/master/addons.xml</info>
        <checksum>https://raw.githubusercontent.com/mrstealth/kodi/master/addons.xml.md5</checksum>
        <datadir zip="true">https://raw.githubusercontent.com/mrstealth/kodi/master/zip/</datadir>
    </extension>
    <extension point="xbmc.addon.metadata">
        <summary>MrStealth Kodi (Development - Master) Add-ons Repository</summary>
        <description>MrStealth Kodi (Development - Master) Add-ons Repository</description>
        <disclaimer>For personal use only</disclaimer>
        <platform>all</platform>
    </extension>
</addon>
