<?xml version="1.0" encoding="UTF-8" standalone="yes"?>
<addon id="plugin.video.onlain.ws" name="Onlain.ws (UnifiedSearch)" version="1.0.4" provider-name="MrStealth">
  <requires>
    <import addon="xbmc.python" version="2.1.0"/>
    <import addon="script.module.kodi.utils" version="3.0.0"/>
    <import addon="script.module.translit" version="3.0.0"/>
    <import addon="script.module.link.grabber" version="1.0.0"/>
    <import addon="script.video.F4mProxy" version="2.1.9"/>

  </requires>
  <extension point="xbmc.python.pluginsource" provides="video" library="default.py">
    <provides>video</provides>
  </extension>
  <extension point="xbmc.addon.metadata">
    <summary>Onlain.ws</summary>
    <description>For personal use only</description>
    <platform>all</platform>
  </extension>
</addon>
