<?xml version="1.0" encoding="UTF-8" standalone="yes"?>
<addon id="plugin.video.unified.search" name="Unified Search" version="3.0.0" provider-name="mrstealth">
  <requires>
    <import addon="xbmc.python" version="2.1.0" />
    <import addon="script.module.kodi.utils" version="3.0.0"/>
    <import addon="script.module.translit" version="3.0.0"/>
  </requires>
  <extension point="xbmc.python.pluginsource" library="default.py">
    <provides>video</provides>
  </extension>
  <extension point="xbmc.addon.metadata">
    <summary>Unified Search</summary>
    <description>This addon can find any videos in your plugin collection, which supports unified search</description>
    <disclaimer lang="en">For personal use only</disclaimer>
    <platform>all</platform>
  </extension>
</addon>
