<?xml version="1.0" encoding="UTF-8" standalone="yes"?>
<addon id="plugin.video.filin.tv" name="[B][COLOR CFFFFFFF]Filin.tv[/COLOR][/B]" version="3.0.2" provider-name="mrstealth">
    <requires>
        <import addon="xbmc.python" version="2.1.0"/>
        <import addon="script.module.kodi.utils" version="3.0.0"/>
        <import addon="script.module.translit" version="3.0.0"/>
    </requires>
    <extension point="xbmc.python.pluginsource" library="default.py">
        <provides>video</provides>
    </extension>
    <extension point= "xbmc.addon.metadata">
        <summary>Enables watching flash enabled streams on filin.tv</summary>
        <description>Enables watching flash enabled streams on filin.tv</description>
        <disclaimer>For personal use only</disclaimer>
        <platform>all</platform>
    </extension>
</addon>
